,SMILES_STD,pX_adj,ACTIVE
0,Cc1noc(C)c1CN1C(=O)C(=O)c2cc(C#N)ccc21,5.142667503568732,1
1,O=C1C(=O)N(Cc2ccc(C(=O)N3CCCCC3)s2)c2ccc(I)cc21,4.756961951313706,0
2,CC(C)c1cc2c(cc1O)[C@@]1(C)CCCC(C)(C)[C@@H]1CC2,4.304518323509803,0
3,COc1ccc(-c2cc(=O)c3c(O)cc(O)c(-c4cc(-c5cc(=O)c6c(O)cc(OC)cc6o5)ccc4OC)c3o2)cc1,4.432109388829797,0
4,COc1ccc(-c2cc(=O)c3c(O)cc(O)cc3o2)cc1-c1c(O)cc(O)c2c(=O)cc(-c3ccc(O)cc3)oc12,4.117802826978509,0
5,CN(C)CCCSc1ccccc1NC(=O)/C=C/c1ccccc1,4.950851231752651,0
6,CC(C)C[C@H](NC(=O)[C@@H](NC(=O)[C@H](C)NC(=O)OCc1ccccc1)C(C)C)C(=O)NC(Cc1ccccc1)C(=O)C(F)(F)F,4.596793666832964,0
7,CC(C)C[C@H](NC(=O)COc1ccc(O)cc1)C(=O)N[C@@H](C[C@@H]1CCNC1=O)C(=O)c1nc2ccccc2s1,5.161150909262744,1
8,COc1ccc(CC(=O)N[C@@H](CC(C)C)C(=O)N[C@@H](C[C@@H]2CCNC2=O)C(=O)c2nc3ccccc3s2)cc1,5.372871016388082,1
9,CC(=O)N[C@H](C(=O)N[C@@H](CC(C)C)C(=O)N[C@H](C=O)CCC(=O)N(C)C)C(C)C,4.877787213913532,0
11,Cc1c(O)c(O)cc2c1CC=C1[C@@]3(C)CC[C@@]4(C)CC[C@@](C)(C(=O)O)C[C@H]4[C@]3(C)CC[C@]12C,5.0915149811213505,1
12,O=C(NCc1ccc2c(c1)OCO2)C1CCN(Cc2cccc3ccccc23)CC1,5.318758762624412,1
13,COC(=O)[C@]1(C)CC[C@]2(C)CC[C@]3(C)C4=CC=C5C(=CC(=O)C(O)=C5C)[C@]4(C)CC[C@@]3(C)[C@@H]2C1,5.384137808335741,1
15,COc1ccc(N2N=C(c3ccccc3)/C(=C/c3ccc(C(=O)O)cc3)C2=O)cc1,4.920818753952375,0
16,O=C(O)c1ccc(/C=C2\C(=O)N(c3ccc(OC(F)(F)F)cc3)N=C2c2ccccc2)cc1,4.376750709602099,0
17,COc1ncccc1-c1ccc(N(Cc2ccsc2)C(=O)Cn2nnc3ccccc32)cc1,6.154901959985743,1
19,CNc1ccc(N(Cc2ccsc2)C(=O)Cn2nnc3ccccc32)cc1,5.6777807052660805,1
21,CC(C)c1ccc(NC(=O)CSc2nccc(-c3csc(COc4ccccc4Cl)n3)n2)cc1,3.6989700043360187,0
24,CCOC(=O)c1cnc(SCC(=O)Nc2ccc([N+](=O)[O-])cc2)nc1N,3.6020599913279625,0
28,Cc1cc(C(F)(F)F)nc(SCC(=O)Nc2ccc(Cl)cc2F)n1,3.3010299956639813,0
29,CC(C)(C)c1ccc(NC(=O)CSc2nc(O)c(C#N)c(C3CCCCC3)n2)cc1,3.4559319556497243,0
30,C=C(C)[C@@H]1CC[C@]2(C(=O)O)CC[C@]3(C)[C@H](CC[C@@H]4[C@@]5(C)CC[C@H](O)C(C)(C)[C@@H]5CC[C@]43C)[C@@H]12,5.043093073808142,1
31,O=C(Oc1cccnc1)c1cccs1,6.301029995663981,1
32,Cc1nc(C)c(C(=O)C2=C(O)C(=O)N(CCCN3CCOCC3)C2c2cccc([N+](=O)[O-])c2)s1,3.994047713112617,0
33,Cc1ccc(C(=O)N/C(=C\c2ccc(-c3cccc([N+](=O)[O-])c3)o2)C(=O)NCCCN(C)C)cc1,4.7271159920804795,0
34,Cc1ccc(C(=O)N/C(=C\c2ccc(-c3ccccc3[N+](=O)[O-])o2)C(=O)NCCCN(C)C)cc1,4.6930776625519295,0
35,CC(C)C[C@H](NC(=O)[C@@H](NC(=O)OCc1ccccc1)C(C)C)C(=O)N[C@@H](CCC(=O)N1CCOCC1)C(=O)C(F)(F)F,4.6777807052660805,0
36,CC(C)C[C@H](NC(=O)[C@@H](NC(=O)OCc1ccccc1)C(C)C)C(=O)N[C@@H](CCC(=O)N1CCOCC1)C(=O)c1nccs1,3.3205721033878812,0
37,CCCN(CCC)C(=O)CC[C@H](NC(=O)[C@H](CC(C)C)NC(=O)[C@@H](NC(=O)[C@H](C)NC(=O)OCc1ccccc1)C(C)C)C(=O)C(F)(F)F,3.5272435506827877,0
38,O=C(Oc1cncc(Br)c1)c1ccco1,7.301029995663981,1
39,O=C1C(=O)N(Cc2ccc(F)cc2Cl)c2ccc(I)cc21,5.026872146400302,1
40,Cc1ccc(C#N)cc1C(=O)N[C@H](C)c1cccc2ccccc12,5.2839966563652006,1
41,CC(C)c1cc2c(cc1O)[C@@]1(C)CC[C@H](O)C(C)(C)[C@@H]1CC2,3.6318991482906484,0
42,C=C1CC[C@H]2[C@](C)(CO)CCC[C@]2(C)[C@H]1CC/C(C)=C\CO,3.8610660597430764,0
44,O=c1c(O)c(-c2ccc(O)c(O)c2)oc2cc(O)cc(O)c12,4.671989339909607,0
45,Cc1ccc(CN)cc1C(=O)N[C@H](C)c1cccc2ccccc12,6.337242168318426,1
47,C=C[C@@]1(C)CC[C@H]2C(=CC[C@H]3[C@](C)(C(=O)O)CCC[C@]23C)C1,3.547446936771075,0
48,COC(=O)[C@]1(C)CCC[C@]2(C)c3ccc(C(C)C)cc3CC[C@H]21,3.684029654543082,0
49,O=C(O)c1ccc(/C=C2\C(=O)N(c3ccccc3)N=C2c2ccccc2)cc1,4.7447274948966935,0
50,O=C(O)c1ccc(/C=C2\C(=O)N(c3ccc(F)cc3)N=C2c2ccccc2)cc1,5.167491087293763,1
52,COc1ccc2[nH]c(C(=O)N[C@@H](CC(C)C)C(=O)N[C@@H](C[C@@H]3CCNC3=O)C(=O)c3nc4ccccc4s3)cc2c1,6.255583682808799,1
53,CCOC(=O)/C=C/[C@H](C[C@@H]1CCNC1=O)NC(=O)[C@H](Cc1ccccc1)NC(=O)[C@@H](NC(=O)[C@H](CO)NC(=O)OC(C)(C)C)C(C)C,4.0,0
54,CC(C)c1cc2c(cc1O)[C@@]1(C)CCC[C@@](C)(C=O)[C@@H]1CC2,3.7872798455821575,0
55,O=c1cc(-c2ccc(O)c(-c3c(O)cc(O)c4c(=O)cc(-c5ccc(O)cc5)oc34)c2)oc2cc(O)cc(O)c12,4.970521410611345,0
56,CC(C)C1=CC2=CC[C@H]3[C@](C)(C(=O)O)CCC[C@]3(C)[C@H]2CC1,3.72330847115496,0
57,O=C(Oc1cncc(Cl)c1)c1ccco1,7.221848749616356,1
58,CCOC(=O)/C=C/[C@H](C[C@@H]1CCNC1=O)NC(=O)[C@H](CC(C)C)NC(=O)[C@@H](NC(=O)[C@H](CO)NC(=O)OC(C)(C)C)C(C)C,4.0,0
59,CC(OC(C)(C)C)[C@H](NC(=O)OCc1ccccc1)C(=O)N[C@@H](CC1CCCCC1)C(=O)N[C@H](C=O)C[C@@H]1CCNC1=O,7.275724130399211,1
64,O=C(CSc1nccc(-c2cc(-c3ccc(Cl)cc3Cl)no2)n1)Nc1ccc(C(F)(F)F)cc1,4.823908740944319,0
65,CCN1/C(=C\C=c2/s/c(=C\c3sc4ccccc4[n+]3CC)n(CC)c2=O)Sc2ccccc21,5.0,1
66,CCN1/C(=C\C=C\C2=C/C(=C/c3sc4ccccc4[n+]3CC)CC(C)C2)Sc2ccccc21,5.698970004336019,1
67,O=c1c(O)c(-c2ccc3c(c2)OCO3)oc2cc(O)cc(O)c12,4.301029995663981,0
68,CCOC(=O)/C=C/[C@H](C[C@@H]1CCNC1=O)NC(=O)[C@H](Cc1ccccc1)NC(=O)[C@@H](NC(=O)OCc1ccccc1)C(C)C,5.645891560852599,1
69,Nc1nc(O)c2[nH]cc([C@@H]3C=C(CO)[C@@H](O)[C@H]3O)c2n1,4.0,0
70,Cc1ccc(CNC(=O)OC(C)(C)C)cc1C(=O)N[C@H](C)c1cccc2ccccc12,5.318758762624412,1
71,NC(=O)c1cn([C@@H]2C=C(CO)[C@@H](O)[C@H]2O)cn1,4.0,0
72,NC(=O)c1cn([C@@H]2C=C(CO)[C@@H](O)[C@H]2O)nn1,4.0,0
73,O=c1c(O)c(-c2ccc3c(c2)OCO3)oc2cc(OCc3ccc(Cl)cc3)cc(O)c12,4.666273523555024,0
75,CCC(Sc1nc(O)c(C#N)c(-c2cccc(OC)c2)n1)C(=O)Nc1ccc(C(C)=O)cc1,4.221848749616356,0
76,CCOC(=O)/C=C/[C@H](C[C@@H]1CCNC1=O)NC(=O)[C@H](Cc1ccc(F)cc1)NC(=O)[C@@H](NC(=O)c1cc(C)on1)C(C)C,5.0,1
78,CC(C)C[C@H](NC(=O)COc1ccccc1)C(=O)N[C@@H](C[C@@H]1CCNC1=O)C(=O)c1nc2ccccc2s1,5.4358003656410965,1
79,COc1cc([C@H]2Oc3cc(O)c(C/C=C(\C)CCC=C(C)C)c(O)c3C(=O)[C@@H]2O)ccc1O,5.101366229584642,1
80,COc1ccc([C@@H]2CC(=O)c3c(cc(O)c(C/C=C(\C)CCC=C(C)C)c3O)O2)cc1O,5.0286735941533935,1
81,CCN1C(c2ccccc2)=C(c2ccccc2)S/C1=C/C=C/c1sc2c3ccccc3ccc2[n+]1CC.[Cl-],5.42021640338319,1
82,CCN(CC)C(=O)CC[C@H](NC(=O)[C@H](CC(C)C)NC(=O)[C@@H](NC(=O)OCc1ccccc1)C(C)C)C(=O)c1nccs1,3.9507819773298185,0
83,CSc1[nH]nc(NC(=O)c2cccs2)c1S(=O)(=O)c1ccccc1,4.823908740944319,0
84,O=[N+]([O-])c1cc(C(F)(F)F)ccc1S(=O)(=O)c1ccc(Cl)cc1,4.920818753952375,0
85,COCc1ccc(N)cc1C(=O)N[C@H](C)c1cccc2ccccc12,5.568636235841013,1
86,CC1(C)CC(=O)c2c(NCc3ccco3)sc(C#N)c2C1,4.795880017344075,0
87,O=C(Cc1nccs1)c1nccs1,4.3979400086720375,0
88,O=[N+]([O-])c1ccc(S(=O)(=O)c2ccc(Cl)cc2)[n+]([O-])c1,4.823908740944319,0
89,O=C(Nc1ccc(Cl)cc1)c1ccc(CN2C(=O)C(=O)c3cc(I)ccc32)s1,4.900664722314042,0
90,CC(C)C[C@@H]1NC(=O)[C@@H](NC(=O)OCc2ccccc2)Cc2cn(nn2)CCCNC(=O)CC[C@@H](C=O)NC1=O,4.809668301829708,0
91,O=c1cc(CNCc2ccc(Cl)cc2)oc2ccc(O)c(O)c12,4.301029995663981,0
92,N#Cc1cccc(CNCc2cc(=O)c3c(O)c(O)ccc3o2)c1,4.301029995663981,0
93,Oc1cc(O)cc(Oc2c(O)cc(O)c3c2Oc2c(O)cc(Oc4c(O)cc(O)cc4O)cc2O3)c1,4.346980857495459,0
94,Oc1cc(O)cc(Oc2c(O)cc(O)c3c2Oc2c(O)cc(Oc4c(O)cc(Oc5c(O)cc(O)c6c5Oc5c(O)cc(O)cc5O6)cc4O)cc2O3)c1,5.1184259607388745,1
95,N#Cc1cccc(COc2cc(O)c3c(=O)c(O)c(-c4ccc(O)c(O)c4)oc3c2)c1,5.081901259610538,1
96,CCN(CC)c1ccc(C(=O)On2nnc3ccccc32)cc1,4.954677021213342,0
97,CCC(=O)Nc1ccc(N(C(=O)Cn2nnc3ccccc32)C(C(=O)NC(C)(C)C)c2ccsc2)cc1,5.161150909262744,1
98,O=C(Cn1nnc2ccccc21)N(Cc1ccsc1)c1ccc(-c2cccnc2)cc1,6.013228265733755,1
99,O=C(Nc1ccc(N(Cc2ccsc2)C(=O)Cn2nnc3ccccc32)cc1)C1CCC1,5.0915149811213505,1
100,CC(C)C[C@H](NC(=O)c1cc2cc(O)ccc2[nH]1)C(=O)N[C@@H](C[C@@H]1CCNC1=O)C(=O)c1nc2ccccc2s1,6.795880017344075,1
101,CC(C)C[C@H](NC(=O)c1cc2ccccc2[nH]1)C(=O)N[C@@H](C[C@@H]1CCNC1=O)C(=O)c1nc2ccccc2s1,6.5054976921507315,1
102,CC1=CC[C@]2(C)CC[C@]3(C)C4=CC=C5C(=CC(=O)C(O)=C5C)[C@]4(C)CC[C@@]3(C)[C@@H]2C1,5.840968332518619,1
103,O=c1cc(-c2ccc(O)c(O)c2)oc2cc(O)cc(O)c12,4.698970004336019,0
104,COc1cc(O)c2c(=O)cc(-c3ccc(OC)c(-c4c(O)cc(O)c5c(=O)cc(-c6ccc(O)cc6)oc45)c3)oc2c1,4.507421539361472,0
105,O=C(O)c1ccc(/C=C2\C(=O)N(c3ccc(Cl)cc3)N=C2c2ccccc2)cc1,4.856985199745905,0
106,N#Cc1ccc(N2N=C(c3ccccc3)/C(=C/c3ccc(C(=O)O)cc3)C2=O)cc1,5.259637310505756,1
107,O=C(O)c1ccc(/C=C2\C(=O)N(c3ccc(Cl)c(Cl)c3)N=C2c2ccccc2)cc1,4.614393726401688,0
108,O=C1C(=O)N(Cc2cc3ccccc3s2)c2ccc(F)cc21,5.31695296176115,1
109,CCN1/C(=C\C=C\c2sc3ccc(-c4nc5ccccc5s4)cc3[n+]2CC)Sc2ccc(-c3nc4ccccc4s3)cc21.[Cl-],5.6020599913279625,1
113,COc1ccccc1CNC(=O)C1CCN([C@H](C)c2cccc3ccccc23)CC1,5.91721462968355,1
114,C[C@@H](c1cccc2ccccc12)N1CCC(C(=O)NCc2ccc3c(c2)OCO3)CC1,6.251811972993799,1
115,CC(C)(C)NC(=O)C(c1ccsc1)N(C(=O)Cn1nnc2ccccc21)c1ccc(N)cc1,4.698970004336019,0
116,CCC(C)(C)NC(=O)[C@@H](c1ccn(C)c1)N(C(=O)Cn1nnc2ccccc21)c1ccc(NC(C)=O)cc1,4.714728530059051,0
117,CC(C)(C)NC(=O)C(c1ccsc1)N(C(=O)Cn1nnc2ccccc21)c1ccc(NC(=O)C2CC2)cc1,5.040958607678906,1
120,COc1ccc(CNC(=O)C2CCN(Cc3cccc4ccccc34)CC2)cc1,4.22767829327708,0
121,COc1cccc(CNC(=O)C2CCN([C@H](C)c3ccc4ccccc4c3)CC2)c1,4.87942606879415,0
123,CC(C)C[C@H](NC(=O)[C@@H](NC(=O)OCc1ccccc1)C(C)C)C(=O)N[C@@H](C[C@@H]1CCNC1=O)C(=O)c1nccs1,5.498752088061133,1
124,NC(=O)c1ncn([C@@H]2C=C(CO)[C@@H](O)[C@H]2O)n1,4.0,0
125,O=C(CSc1nc(C2CCCCC2)nc2ccccc12)NCc1ccco1,4.739928612014925,0
126,O=C1C(=O)N(C/C=C/c2cc3ccccc3s2)c2ccc(I)cc21,4.628932137728263,0
127,O=c1c(O)c(-c2ccc(O)c(O)c2)oc2cc(OCc3cccc(Cl)c3)cc(O)c12,4.792513326014591,0
128,CCCN(CCC)C(=O)CC[C@H](NC(=O)[C@H](CC(C)C)NC(=O)[C@@H](NC(=O)OCc1ccccc1)C(C)C)C(=O)C(F)(F)F,3.4400933749638876,0
129,Cc1cccc(C)c1C(=O)N[C@H](C)c1ccc2ccccc2c1,4.91721462968355,0
130,C[C@@H](NC(=O)c1ccc(N)cc1)c1cccc2ccccc12,4.605548319173784,0
132,Cc1ccc(N)cc1C(=O)NC(C)(C)c1cccc2ccccc12,4.954677021213342,0
134,CC(C)C[C@H](NC(=O)[C@@H](NC(=O)CNc1ccccc1)C(C)C)C(=O)N[C@@H](C[C@@H]1CCNC1=O)C(=O)c1nc2ccccc2s1,6.240743030061056,1
135,CC(C)C[C@H](NC(=O)[C@@H](NC(=O)COc1ccccc1)C(C)C)C(=O)N[C@@H](C[C@@H]1CCNC1=O)C(=O)c1nccs1,5.167491087293763,1
136,CC(C)C[C@H](NC(=O)[C@@H](NC(=O)CCc1ccccc1)C(C)C)C(=O)N[C@@H](C[C@@H]1CCNC1=O)C(=O)c1nccs1,4.886056647693163,0
137,CC(C)C[C@H](NC(=O)[C@@H](NC(=O)OCC(C)(C)C)C(C)C)C(=O)N[C@@H](C[C@@H]1CCNC1=O)C(=O)c1nccs1,3.5528419686577806,0
138,CC(C)C[C@H](NC(=O)[C@@H](NC(=O)OCc1ccccc1)C(C)C)C(=O)N[C@@H](C[C@@H]1CCNC1=O)C(=O)c1ncc(-c2ccccc2)s1,7.221848749616356,1
140,CC(C)C[C@H](NC(=O)[C@@H](NC(=O)COc1cccc(N(C)C)c1)C(C)C)C(=O)N[C@@H](C[C@@H]1CCNC1=O)C(=O)c1nc2ccccc2s1,8.522878745280337,1
141,COc1c(Sc2nnnn2-c2ccc(OCc3ccccc3)cc2)c(=O)[nH]c2ccccc12,5.698970004336019,1
142,O=C1Nc2ccc(S(=O)(=O)N3CCN(Cc4cccc(Cl)c4)CC3)cc2C1=O,4.498803757972912,0
144,Cn1cnc2cc(NC(=O)c3ccc(Cl)cc3)ccc21,4.5021308561857465,0
145,CCCCC(CC)CNC(=N)NC(=N)NCCCCCCNC(=N)NC(=N)NCC(CC)CCCC.Cl.Cl,4.414927549045388,0
147,COc1cccc(-c2nc(SCC(=O)Nc3ccc(C(C)=O)cc3)nc(O)c2C#N)c1,4.221848749616356,0
148,COc1cccc(-c2nc(SCC(=O)Nc3ccc(S(N)(=O)=O)cc3)nc(O)c2C#N)c1,4.3979400086720375,0
150,CC(C)C[C@H](NC(=O)OCc1ccccc1)C(=O)N[C@@H](C[C@@H]1CCNC1=O)C(=O)c1nc2ccccc2s1,5.507511436792253,1
151,COc1ccc(OCC(=O)N[C@H](C(=O)N[C@@H](CC(C)C)C(=O)N[C@@H](C[C@@H]2CCNC2=O)C(=O)c2ncc(-c3ccccc3OC)s2)C(C)C)cc1,6.327902142064283,1
154,Cc1nc(C(=O)[C@H](C[C@@H]2CCNC2=O)NC(=O)[C@H](CC(C)C)NC(=O)[C@@H](NC(=O)OCc2ccccc2)C(C)C)sc1C,4.657577319177793,0
155,O=C1OC[C@H](Cc2ccc3c(c2)OCO3)/C1=C\c1ccc2c(c1)OCO2,4.821509299503434,0
156,CC(=O)Nc1ccc(C)c(C(=O)N[C@H](C)c2cccc3ccccc23)c1,6.251811972993799,1
157,Cc1ccc(N)cc1C(=O)N[C@H](C)c1cccc2ccccc12,5.578396073130169,1
158,O=C(O)c1ccc(/C=C2\C(=O)N(c3cccc([N+](=O)[O-])c3)N=C2c2ccccc2)cc1,5.075720713938118,1
159,CC(C)c1cc2c(cc1O)[C@@]1(C)CCC[C@@](C)(CO)[C@@H]1CC2,3.6560009309428385,0
160,O=c1cc(-c2ccc(O)cc2)oc2cc(O)cc(O)c12,3.5516028965422324,0
162,O=C(O)c1ccc(S(=O)(=O)c2cc(Br)c(O)c(Br)c2)cc1,4.795880017344075,0
166,O=c1c(O)c(-c2ccc3c(c2)OCO3)oc2cc(OCc3cccc(Cl)c3)cc(O)c12,4.556754637413759,0
167,O=C1Nc2ccc(S(=O)(=O)N3CCN(C(=O)c4ccco4)CC3)cc2C1=O,4.996970529446382,0
169,O=C1C(=O)N(Cc2cc3ccccc3s2)c2c(Br)cccc21,6.008773924307505,1
171,OCCCc1nc2ccccc2n1CCOc1ccccc1,3.913406865793863,0
172,COCCOCCn1c(CCCO)nc2ccccc21,4.1611235452351165,0
173,COc1ccccc1CNC(=O)[C@H](C)NS(=O)(=O)c1ccccc1,4.111649408005794,0
175,CC(C)C[C@H](NC(=O)[C@@H](NC(=O)OCc1ccccc1)C(C)C)C(=O)N[C@@H](CCC(=O)c1nccs1)C(=O)c1nccs1,4.3448615651886175,0
176,CC(C)C[C@H](NC(=O)[C@@H](NC(=O)OCc1ccccc1)C(C)C)C(=O)N[C@@H](CCC(=O)O)C(=O)C(F)(F)F,3.9355420107730814,0
177,CC(C)C[C@H](NC(=O)[C@@H](NC(=O)OCc1ccccc1)C(C)C)C(=O)N[C@@H](CCC(=O)N(C)Cc1ccccc1)C(=O)C(F)(F)F,4.467245621007502,0
178,CCN(CC)C(=O)CC[C@H](NC(=O)[C@H](CC(C)C)NC(=O)[C@@H](NC(=O)OCc1ccccc1)C(C)C)C(=O)c1nc2ccccc2s1,4.30715308072277,0
179,N#Cc1c(-c2cccc(Cl)c2)nc(SCc2ccccc2)[nH]c1=O,4.301029995663981,0
180,CC(=O)Nc1ccc(N(C(=O)Cn2cc(-c3ccccc3)nn2)C(C(=O)NC(C)(C)C)c2ccsc2)cc1,4.950851231752651,0
181,N#Cc1c(-c2ccccc2)nc(SCc2ccc([N+](=O)[O-])cc2)[nH]c1=O,4.453457336521869,0
182,COc1cc(C[S+]([O-])c2nc3cccnc3s2)oc(=O)c1,5.142667503568732,1
183,Cc1ccc(-c2nc(SCCc3ccccc3)[nH]c(=O)c2C#N)cc1,4.301029995663981,0
184,COc1ccc(-c2nc(SCc3ccccc3)[nH]c(=O)c2C#N)cc1,4.301029995663981,0
185,N#Cc1c(-c2ccc(Cl)cc2)nc(SCCc2ccccc2)[nH]c1=O,4.772113295386326,0
186,CC1=C(O)C(=O)C=C2C1=CC=C1[C@@]3(C)CC[C@@]4(C)CC(=O)[C@H](C)C[C@H]4[C@]3(C)CC[C@@]21C,5.2011524070372435,1
187,Cc1nc(S(=O)(=O)c2ccccc2)c(C#N)c(C)c1[N+](=O)[O-],4.886056647693163,0
188,CC(=O)N[C@@H](C)C(=O)N[C@H](C(=O)N[C@@H](CC(C)C)C(=O)N[C@H](C=O)CCC(=O)N(C)C)C(C)C,3.8096683018297086,0
189,CC(C)(C)C(=O)Nc1ccc(N(Cc2ccsc2)C(=O)Cn2nnc3ccccc32)cc1,4.877787213913532,0
190,O=C(Nc1ccc(N(Cc2ccsc2)C(=O)Cn2nnc3ccccc32)cc1)C1CCCCC1,4.655607726314889,0
191,CC(C)C[C@H](NC(=O)c1cc2c(O)cccc2[nH]1)C(=O)N[C@@H](C[C@@H]1CCNC1=O)C(=O)c1nc2ccccc2s1,6.735541649861172,1
192,CC(C)C[C@H](NC(=O)c1cc2cc(Cl)ccc2[nH]1)C(=O)N[C@@H](C[C@@H]1CCNC1=O)C(=O)c1nc2ccccc2s1,6.4358003656410965,1
193,COc1ncc(-c2ccc(N(Cc3ccsc3)C(=O)Cn3nnc4ccccc43)cc2)cn1,4.903089986991944,0
194,CC(=O)N[C@H](C(=O)N[C@@H](CO)C(=O)N[C@@H](C)C(=O)N[C@H](C(=O)N[C@@H](CC(C)C)C(=O)N[C@H](C=O)CCC(=O)N(C)C)C(C)C)[C@@H](C)O,4.585026652029182,0
195,CC(=O)N[C@@H](CO)C(=O)N[C@@H](C)C(=O)N[C@H](C(=O)N[C@@H](CC(C)C)C(=O)N[C@H](C=O)CCC(=O)N(C)C)C(C)C,4.431798275933005,0
196,COc1ccc(-c2nc(SCc3ccc([N+](=O)[O-])cc3)[nH]c(=O)c2C#N)cc1,4.580044251510242,0
197,Clc1ccc(C2C(n3ccnc3)C(c3ccc(Br)cc3)=NN2c2ccc(Cl)c(Cl)c2)cc1,5.6020599913279625,1
198,N#Cc1c(-c2ccc(Cl)cc2)nc(SCc2ccc([N+](=O)[O-])cc2)[nH]c1=O,5.214670164989233,1
199,COc1ccccc1/N=C/c1nc(-c2ccccc2)oc1OC(C)=O,5.481486060122113,1
200,Nc1nc(=O)c([C@@H]2C=C(CO)[C@@H](O)[C@H]2O)c[nH]1,4.0,0
201,O=C1C(=O)N(Cc2ccc3ccccc3c2)c2ccc(S(=O)(=O)N3CCOCC3)cc21,4.399353764337605,0
202,CN1CCN(S(=O)(=O)c2ccc3c(c2)C(=O)C(=O)N3Cc2ccccc2)CC1,4.172630726946175,0
203,O=C1Nc2ccc(S(=O)(=O)N3CCN(c4cccc(C(F)(F)F)c4)CC3)cc2C1=O,4.0,0
204,CC(C)C[C@H](NC(=O)C1Cc2ccccc2N1)C(=O)N[C@@H](C[C@@H]1CCNC1=O)C(=O)c1nc2ccccc2s1,6.920818753952375,1
205,CC(C)C[C@H](NC(=O)c1nc2ccccc2[nH]1)C(=O)N[C@@H](C[C@@H]1CCNC1=O)C(=O)c1nc2ccccc2s1,6.771816983435478,1
206,COc1cccc2[nH]c(C(=O)N[C@@H](CC(C)C)C(=O)N[C@@H](C[C@@H]3CCNC3=O)C(=O)c3nc4ccccc4s3)cc12,7.165713865407721,1
208,CC(C)C[C@H](NC(=O)c1nc2ccccc2s1)C(=O)N[C@@H](C[C@@H]1CCNC1=O)C(=O)c1nc2ccccc2s1,6.096910013008056,1
209,CC(C)C[C@H](NC(=O)C1CCC(=O)N1)C(=O)N[C@@H](C[C@@H]1CCNC1=O)C(=O)c1nc2ccccc2s1,5.568636235841013,1
210,CC(C)C[C@H](NC(=O)c1ccc[nH]1)C(=O)N[C@@H](C[C@@H]1CCNC1=O)C(=O)c1nc2ccccc2s1,5.769551078621726,1
212,CC(C)C[C@H](NC(=O)[C@H](Cc1cccc2ccccc12)NC(=O)OCc1ccccc1)C(=O)N[C@@H](C[C@@H]1CCNC1=O)C(=O)C(=O)NC(C)C,6.214670164989233,1
213,CC1CCCCN1S(=O)(=O)c1ccc2c(c1)C(=O)C(=O)N2,5.647817481888637,1
214,CN1C(=O)C(=O)c2cc(S(=O)(=O)N3CCN(c4ccccn4)CC3)ccc21,5.2580609222708015,1
215,CNC(=O)c1ccc(CNC(=O)C2CCN([C@H](C)c3cccc4ccccc34)CC2)cc1,6.221848749616356,1
216,C[C@H](c1cccc2ccccc12)N1CCC(C(=O)NCc2cccc(Cl)c2)CC1,4.565431095965801,0
217,C[C@H](c1cccc2ccccc12)N1CCC(C(=O)NCc2ccc(F)c(F)c2)CC1,4.534617148551582,0
218,C[C@H](c1cccc2ccccc12)N1CCC(C(=O)NCc2ccncc2)CC1,4.73754891026957,0
219,C[C@H](c1cccc2ccccc12)N1CCC(C(=O)NCc2ccc3c(c2)OCO3)CC1,6.238110162175357,1
220,CC(C)C[C@H](NC(=O)[C@@H](NC(=O)COc1cccc(N(C)C)c1)C(C)C)C(=O)N[C@@H](C[C@@H]1CCNC1=O)C(=O)c1ncc(-c2ccccc2)s1,6.769551078621726,1
222,CC(C)[C@H](NC(=O)OCc1ccccc1)C(=O)N[C@@H](CCC(=O)O)C(=O)N[C@@H](C[C@@H]1CCNC1=O)C(=O)c1nc2ccccc2s1,2.795880017344075,0
223,CC(C)COC(=O)N[C@H](C(=O)N[C@@H](CC(C)C)C(=O)N[C@@H](C[C@@H]1CCNC1=O)C(=O)c1nccs1)C(C)C,3.6020599913279625,0
224,COc1ccc(NC(=O)CSc2nc(O)cc(-c3ccccc3)n2)cc1OC,4.346787486224656,0
225,CC(C)c1ccc(NC(=O)CSc2nccc(-c3cccs3)n2)cc1,4.3979400086720375,0
228,Nc1nc(CSc2nnc(-c3cccc4ccccc34)n2-c2ccccc2)cs1,4.233959139618611,0
229,N#Cc1c(O)nc(SCC(=O)Nc2cccc(C(F)(F)F)c2)nc1-c1ccccc1,3.6989700043360187,0
231,Cc1nc(-c2nc(-c3ccnc(SCC(=O)Nc4ccc(Cl)cc4)n3)cs2)cs1,4.853871964321762,0
235,CC(C)(C)NC(=O)C(c1ccsc1)N(C(=O)Cn1nnc2ccccc21)c1ccc(NC(=O)c2ccno2)cc1,4.589243235797613,0
236,O=C(Cn1nnc2ccccc21)N(Cc1ccsc1)c1ccc(-c2ccncc2)cc1,5.698970004336019,1
237,Cc1ccccc1C(=O)N(C)[C@H](C)c1cccc2ccccc12,4.645891560852599,0
238,CCCN(CCC)C(=O)CC[C@H](NC(=O)[C@H](CC(C)C)NC(=O)OCc1ccccc1)C(=O)C(F)(F)F,3.2335871528876003,0
239,COc1ccc(C(=O)N[C@H](C)c2ccc3ccccc3c2)cc1,3.826813731587726,0
240,Cc1nn(C)c(NCc2ccc(-c3cccs3)s2)c1[N+](=O)[O-],4.698970004336019,0
241,C(\C1=C2Sc3ccccc3N2CC1)=C1/CC[n+]2c1sc1ccccc12,4.978810700930062,0
242,CCC(=C\c1sc2c3ccccc3ccc2[n+]1CC)/C=C1/Sc2cc(C)c(C)cc2N1CC,5.267606240177032,1
243,CCN1/C(=C\C(=C/c2sc3ccccc3[n+]2CCCS(=O)(=O)[O-])OC)Sc2ccc(OC)cc21,5.136677139879544,1
244,COc1cc(CN2CCN(S(=O)(=O)c3ccc4c(c3)C(=O)C(=O)N4)CC2)cc(OC)c1OC,4.493765640387874,0
245,CC1CCN(S(=O)(=O)c2ccc3c(c2)C(=O)C(=O)N3Cc2ccccc2)CC1,5.772113295386326,1
246,O=C1C(=O)N(Cc2ccccc2)c2ccc(S(=O)(=O)N3CCOCC3)cc21,4.858236769724212,0
247,Nc1ccc(F)c(S(=O)(=O)Nc2cccc(C(F)(F)F)c2)c1,4.112376870129882,0
249,CCOc1ccc(S(=O)(=O)NCc2ccc3c(c2)OCO3)cc1C,3.837714881574352,0
250,CCOC(=O)/C(C#N)=C/Nc1ccc(S(=O)(=O)c2ccc(/N=C/C(C#N)=C(\O)OCC)cc2)cc1,4.795880017344075,0
251,O=C(Oc1ccc(S(=O)(=O)c2ccc(OC(=O)C(Cl)=C(Cl)Cl)cc2)cc1)C(Cl)=C(Cl)Cl,6.045757490560675,1
253,COc1ccc(C(=O)Cn2c(NCCO)nc3ccccc32)cc1,4.464442102116713,0
254,COc1ccc(N(CC(=O)NCc2ccco2)S(C)(=O)=O)cc1,4.500741737474016,0
255,O=C(Sc1nnc(C(F)(F)F)[nH]1)c1ccc(C#Cc2ccccc2)o1,5.522878745280337,1
256,CCOC(=O)C(=CNc1ccc(S(=O)(=O)c2ccc(/N=C/C(C(=O)OCC)=C(\O)OCC)cc2)cc1)C(=O)OCC,4.494850021680094,0
257,CC(C)C[C@H](NC(=O)[C@@H](NC(=O)[C@H](C)NC(=O)OCc1ccccc1)C(C)C)C(=O)N[C@@H](CCC(N)=O)C(=O)C(F)(F)F,3.869666231504994,0
258,CCN(CC)C(=O)CC[C@H](NC(=O)[C@H](CC(C)C)NC(=O)OCc1ccccc1)C(=O)c1nccs1,3.3353580244438743,0
259,C[C@@H](NC(=O)c1ccc(N)cc1)c1ccc2ccccc2c1,4.336299074610352,0
261,Cc1ccccc1C(=O)N[C@H](C)c1cccc2ccccc12,5.638272163982407,1
262,O=C(O)c1ccc(/C=C2\C(=O)N(c3cccc(Cl)c3)N=C2c2ccccc2)cc1,4.966576244513051,0
263,O=C(O)c1cccc(N2N=C(C(F)(F)F)/C(=C/c3ccc(-c4cc(Cl)ccc4C(=O)O)o3)C2=O)c1,4.301029995663981,0
264,O=C(O)c1ccc(Cl)cc1-c1ccc(/C=C2\C(=O)N(c3ccccc3)N=C2c2ccccc2)o1,4.785156151952302,0
265,O=C(O)c1ccc(Cl)cc1-c1ccc(/C=C2\C(=O)N(c3ccc(F)cc3)N=C2c2ccccc2)o1,4.694648630553377,0
266,COc1ccc(N2N=C(c3ccccc3)/C(=C/c3ccc(-c4ccccc4C(=O)O)o3)C2=O)cc1,4.512861624522814,0
267,O=C(Oc1cncc(Cl)c1)c1cccs1,6.301029995663981,1
268,CC(=O)N[C@@H](CC(N)=O)C(=O)N[C@@H](CO)C(=O)N[C@H](C(=O)N[C@@H](CO)C(=O)N[C@@H](CCC(N)=O)C(=O)O)[C@@H](C)O,4.761439372640169,0
269,COc1ccc(CNC(=O)C2CCN([C@H](C)c3cccc4ccccc34)CC2)cc1,6.468521082957745,1
271,Nc1ncnc2[nH]c(C(F)(F)F)nc12,5.012809982663977,1
273,CCC(=C\c1sc2cc(C)c(C)cc2[n+]1CC)/C=C1/Sc2cc(/C=C/c3ccccc3)ccc2N1CC.[Cl-],5.180456064458132,1
276,CSc1sc(-c2nc(C)cs2)c(C)c1-c1ccnc(SCC(=O)Nc2ccc(Cl)cc2)n1,4.958607314841775,0
277,CCOc1ccc(N2C(=O)CC(Sc3nc(C)cc(C)n3)C2=O)cc1,3.5228787452803374,0
279,Cc1cc(O)nc(SCC(=O)Nc2ccc(Oc3ccc(Cl)cc3)cc2)n1,3.6989700043360187,0
280,CCCc1cc(O)nc(SCC(=O)Nc2ccc(Cl)cc2)n1,4.522878745280337,0
281,CCOC(=O)/C=C/[C@H](C[C@@H]1CCNC1=O)NC(=O)[C@H](CC(C)C)NC(=O)[C@@H](NC(=O)OCc1ccccc1)C(C)C,6.180456064458132,1
283,O=c1cc(CNCc2cccc(Cl)c2)oc2ccc(O)c(O)c12,4.301029995663981,0
285,C(=C/c1ccccc1)\C[N+]1(C/C=C/c2ccccc2)CCN(C(c2ccccc2)c2ccccc2)CC1,4.257655768245158,0
286,O=c1c(O)c(-c2ccc(O)c(O)c2)oc2cc(OCc3ccc(Cl)cc3)cc(O)c12,5.033534928584605,1
290,N#Cc1cccc(COc2cc(O)c3c(=O)c(O)c(-c4ccc5c(c4)OCO5)oc3c2)c1,4.729528844468313,0
294,CCN(CC)C(=O)CC[C@H](NC(=O)[C@@H](NC(=O)OCc1ccccc1)C(C)C)C(=O)c1nc2ccccc2s1,3.7986028756795487,0
297,Cc1cccc(C(=O)N[C@H](C)c2ccc3ccccc3c2)c1,4.8297382846050425,0
298,N#Cc1c(-c2cccc([N+](=O)[O-])c2)nc(SCCc2ccccc2)[nH]c1=O,4.301029995663981,0
299,N#Cc1c(-c2ccccc2)nc(SCCc2ccccc2)[nH]c1=O,4.301029995663981,0
300,COc1ccc(-c2nc(SCCc3ccccc3)[nH]c(=O)c2C#N)cc1,4.692503962086787,0
301,Cc1ccc(-c2nc(SCc3ccccc3)[nH]c(=O)c2C#N)cc1,4.301029995663981,0
302,Cc1ccc(-c2nc(SCc3ccc([N+](=O)[O-])cc3)[nH]c(=O)c2C#N)cc1,4.301029995663981,0
303,N#Cc1c(-c2cccc([N+](=O)[O-])c2)nc(SCc2ccc([N+](=O)[O-])cc2)[nH]c1=O,4.97469413473523,0
304,O=C(NCc1ccc2c(c1)OCO2)C1CCN(C(Cc2ccccc2)c2cccc3ccccc23)CC1,4.0,0
305,C/C=C/C[C@@H](C)[C@@H](O)[C@H]1C(=O)N[C@@H](CC)C(=O)N(C)[C@H](C)C(=O)N(CC)[C@@H](C(C)C)C(=O)N[C@@H](C(C)C)C(=O)N(C)[C@@H](CC(C)C)C(=O)N[C@@H](C)C(=O)N[C@H](C)C(=O)N(C)[C@@H](CC(C)C)C(=O)N(C)[C@@H](CC(C)C)C(=O)N(C)[C@@H](C(C)C)C(=O)N1C,5.113509274827518,1
306,O=C(Oc1cncc(Cl)c1)c1ccc(-c2ccc(Cl)cc2)o1,7.200659450546418,1
308,CC(C)(c1cccc2ccccc12)N1CCC(C(=O)NCc2ccc3c(c2)OCO3)CC1,3.6989700043360187,0
309,Cc1cc(O)nc(SCC(=O)Nc2cc(Cl)ccc2Oc2ccccc2)n1,4.0,0
311,COc1cccc(CNC(=O)C2CCN([C@H](C)c3cccc4ccccc34)CC2)c1,6.468521082957745,1
313,COc1ccccc1CNC(=O)C1CCN([C@H](C)c2ccc3ccccc3c2)CC1,4.458420756053419,0
316,CCOC(=O)/C=C/[C@H](C[C@@H]1CCNC1=O)NC(=O)[C@H](CC=C(C)C)CC(=O)[C@@H](NC(=O)[C@H](CO)NC(=O)OC(C)(C)C)C(C)C,4.1249387366083,0
317,CC(C)COc1cccc2[nH]c(C(=O)N[C@@H](CC(C)C)C(=O)N[C@@H](C[C@@H]3CCNC3=O)C(=O)c3nc4ccccc4s3)cc12,6.403437700822769,1
318,CC(C)C[C@H](NC(=O)c1cc2c(OC(C)C)cccc2[nH]1)C(=O)N[C@@H](C[C@@H]1CCNC1=O)C(=O)c1nc2ccccc2s1,7.318758762624412,1
319,C[C@@H](NC(=O)C1CCN([C@H](C)c2cccc3ccccc23)CC1)c1ccccc1,4.8696662315049934,0
320,CC(c1cccc2ncccc12)N1CCC(C(=O)NCc2cccc(F)c2)CC1,5.346787486224656,1
321,C[C@H](c1cccc2ccccc12)N1CCC(C(=O)NCCc2cccc(F)c2)CC1,5.721246399047171,1
322,CC(c1cccc2cccnc12)N1CCC(C(=O)NCc2cccc(F)c2)CC1,5.154901959985743,1
324,C[C@H](c1cccc2ccccc12)N1CCC(C(=O)NCCc2ccc(Cl)cc2)CC1,5.795880017344075,1
325,COc1cccc(CNC(=O)C2CCN([C@@H](C)c3ccc4ccccc4c3)CC2)c1,5.236572006437063,1
326,CC(=O)Oc1cc2c(cc1C(C)C)CC[C@@H]1[C@]2(C)CCC[C@@]1(C)CO,3.889747082646597,0
327,C/C=C/C[C@@H](C)[C@@H](O)[C@H]1C(=O)N[C@@H](CC)C(=O)N(C)CC(=O)N(C)[C@@H](CC(C)C)C(=O)N[C@@H](C(C)C)C(=O)N(C)[C@@H](CC(C)C)C(=O)N[C@@H](C)C(=O)N[C@H](C)C(=O)N(C)[C@@H](CC(C)C)C(=O)N(C)[C@@H](CC(C)C)C(=O)N(C)[C@@H](C(C)C)C(=O)N1C,5.080921907623926,1
328,CSc1nn(-c2c([N+](=O)[O-])c(C)nn2C)c(-c2cccs2)c1C#N,4.7447274948966935,0
329,Cc1cc(S(=O)(=O)c2c([N+](=O)[O-])cc(C(F)(F)F)cc2[N+](=O)[O-])c(Cl)cc1Cl,6.522878745280337,1
331,S=C(NCc1cccnc1)SCc1cc(Cl)sc1Cl,5.177020731444846,1
333,O=C(CSc1nccc(-c2cc(-c3ccccc3Cl)no2)n1)Nc1ccc(Cl)cc1,4.823908740944319,0
334,O=C(CSc1nccc(-c2cc(-c3ccccc3)no2)n1)Nc1ccc(Cl)cc1,4.823908740944319,0
336,CSc1sc(-c2nc(C)cs2)c(C)c1-c1ccnc(SCC(=O)Nc2ccccc2Cl)n1,4.920818753952375,0
337,COc1ccc(-c2ccnc(SCC(=O)Nc3ccc(C(C)C)cc3)n2)cc1,3.3979400086720375,0
340,CCCCc1ccc(NC(=O)CSc2nc(O)c(C#N)c(C3CCCCC3)n2)c(C)c1,3.6989700043360187,0
341,CCOC(=O)/C=C/[C@H](C[C@@H]1CCNC1=O)NC(=O)[C@H](CC=C(C)C)CC(=O)[C@@H](NC(=O)c1cc(C)on1)C(C)C,4.154901959985743,0
342,CC1=NN(c2cccc(C(=O)O)c2)C(=O)/C1=C\c1ccc(-c2ccccc2)o1,4.301029995663981,0
343,O=C(O)c1cccc(N2N=C(c3ccccc3)/C(=C/c3ccc(-c4ccccc4)cc3)C2=O)c1,5.173925197299174,1
344,O=C(NCc1ccc2c(c1)OCO2)C1CCN(Cc2ccc3ccccc3c2)CC1,4.0,0
345,O=C(Oc1cncc(Cl)c1)c1cc2ccccc2[nH]1,7.187086643357144,1
346,COc1cccc(C(=O)Oc2cncc(Cl)c2)c1,6.468521082957745,1
347,O=c1cc(-c2ccc(O)cc2)oc2cc(O)c(O)c(O)c12,6.0655015487564325,1
348,COc1ccccc1CNC(=O)C1CCN(Cc2cccc3ccccc23)CC1,3.9355420107730814,0
349,COc1cccc(CNC(=O)C2CCN(Cc3cccc4ccccc34)CC2)c1,4.522878745280337,0
350,Cc1ccccc1C(=O)NC(C)c1ccc2ccccc2c1,4.696803942579511,0
351,COC[C@H](NC(=O)C1CCN([C@H](C)c2cccc3ccccc23)CC1)c1ccccc1,4.7447274948966935,0
352,COc1cc(CNC(=O)C2CCN([C@H](C)c3cccc4ccccc34)CC2)ccn1,6.455931955649724,1
353,O=C(CSc1ncnc2c1sc1nc(N3CCOCC3)c3c(c12)CCCC3)NCc1ccco1,4.0422969584511685,0
354,COc1ccc(CNC(=O)C2CCN(C(C)c3ccc4ccccc4c3)CC2)cc1,4.0,0
355,O=[N+]([O-])c1ccc(S(=O)(=O)c2ccc([N+](=O)[O-])cc2)cc1,4.6020599913279625,0
356,Cc1noc(NC(=O)c2ccc(-c3cc(C(F)(F)F)nn3C)s2)c1[N+](=O)[O-],5.301029995663981,1
357,Cc1ccc(S(=O)(=O)c2nc(C)c([N+](=O)[O-])c(C)c2C#N)cc1,4.886056647693163,0
358,O=C1C(=O)N(CC2COc3ccccc3O2)c2ccc(I)cc21,4.8696662315049934,0
359,O=C1C(=O)N(Cc2cc3ccccc3s2)c2ccc(I)cc21,6.022276394711152,1
360,O=C1C(=O)N(Cc2cc3ccccc3s2)c2c1cccc2[N+](=O)[O-],5.698970004336019,1
361,COc1cc(/C=C/C(=O)/C=C(O)/C=C/c2ccc(O)c(OC)c2)ccc1O,4.51343607320015,0
363,CCOC(=O)/C=C/[C@H](C[C@@H]1CCNC1=O)NC(=O)[C@H](CC(C)C)NC(=O)[C@@H](NC(=O)OCc1ccccc1)C(C)OC(C)(C)C,7.236572006437063,1
366,COc1cc(/C=N/NC(=O)/C(=C\c2ccccc2)NC(=O)c2ccccc2)cc(OC)c1O,4.113001954328901,0
367,Cc1ccccc1C(=O)N[C@H](C)c1ccc2ccccc2c1,5.060480747381382,1
368,Cc1ccc(C(=O)N[C@H](C)c2ccc3ccccc3c2)cc1,4.536107011014093,0
369,COc1cc(C2C(C(=O)c3ccc(OCC(C)C)cc3C)=C(O)C(=O)N2CCN(C)C)ccc1O,4.202109516941651,0
371,CC1=C(O)C(=O)C=C2C1=CC=C1[C@@]3(C)CC[C@@]4(C)CC[C@@](C)(C(=O)O)C[C@H]4[C@]3(C)CC[C@@]21C,5.181956742448463,1
373,O=C(Nc1ccc([N+](=O)[O-])cc1Cl)c1cc(Cl)ccc1O,4.3979400086720375,0
375,Nc1ncc(S(=O)(=O)c2ccc(Cl)cc2)c(N)n1,5.221848749616356,1
376,CC(=O)c1ccccc1S(=O)(=O)c1ccccc1C(=O)O,4.795880017344075,0
377,Cc1oc(C(C)(C)C)cc1-c1cc(NS(=O)(=O)c2cccs2)[nH]n1,5.0,1
378,CNCc1ccc(C)c(C(=O)N[C@H](C)c2cccc3ccccc23)c1,5.886056647693163,1
379,Cc1ccc(I)cc1C(=O)N[C@H](C)c1cccc2ccccc12,5.853871964321762,1
380,COc1cccc(C(=O)N[C@H](C)c2ccc3ccccc3c2)c1,4.8696662315049934,0
381,COc1ccccc1C(=O)N[C@H](C)c1ccc2ccccc2c1,4.045757490560675,0
382,CCOC(=O)/C=C/[C@H](C[C@@H]1CCNC1=O)NC(=O)[C@@H](CC(=O)[C@@H](NC(=O)c1cc(C)on1)C(C)C)Cc1ccccc1,4.346787486224656,0
384,C=C(C)[C@@H]1CC[C@]2(C(=O)O)CC[C@]3(C)[C@H](CC[C@@H]4[C@@]5(C)CCC(=O)C(C)(C)[C@@H]5CC[C@]43C)[C@@H]12,4.0,0
385,O=C1OC[C@H](Cc2ccc3c(c2)OCO3)[C@H]1Cc1ccc2c(c1)OCO2,4.0,0
386,N#Cc1c(-c2ccccc2)nc(SCc2ccccc2)[nH]c1=O,4.301029995663981,0
388,O=C1C(=O)N(Cc2cc3ccccc3s2)c2ccccc21,4.8823973083099155,0
389,O=c1[nH]cc([C@@H]2C=C(CO)[C@@H](O)[C@H]2O)c(=O)[nH]1,4.0,0
390,O=C1C(=O)N(Cc2cc3ccccc3s2)c2cccc(Cl)c21,4.950781977329818,0
391,O=C(Oc1cncc(Cl)c1)c1cc2ccccc2o1,6.769551078621726,1
392,O=C(Oc1cncc(Cl)c1)c1cscn1,6.568636235841013,1
393,O=C(Oc1cncc(Br)c1)c1cccs1,6.301029995663981,1
394,CC1CC(C)CN(S(=O)(=O)c2ccc3c(c2)C(=O)C(=O)N3C)C1,5.549750891680639,1
395,Cc1cc2cc(CN(CCc3ccccc3C)C(=O)NCc3ccccc3)c(=O)[nH]c2cc1C,4.764471553092451,0
399,C=C(CC)C(=O)c1ccc(OCC(=O)NC(C)(C)C)c(Cl)c1Cl,5.494850021680094,1
400,COc1cccc(NCC(=O)N[C@@H](CC(C)C)C(=O)N[C@@H](C[C@@H]2CCNC2=O)C(=O)c2nc3ccccc3s2)c1,5.70446769648675,1
401,O=c1c(O)c(-c2cc(O)c(O)c(O)c2)oc2cc(O)cc(O)c12,5.567030709125595,1
402,COC(OC)c1cc(O)nc(SCC(=O)Nc2ccc(C(F)(F)F)cc2)n1,3.6989700043360187,0
403,COc1cccc(-c2nc(SCC(=O)Nc3ccc([N+](=O)[O-])cc3)nc(O)c2C#N)c1,3.5228787452803374,0
405,Cc1nc(SCC(=O)Nc2ccc([N+](=O)[O-])cc2)nc(O)c1C,3.0,0
406,CC(Sc1nc(O)c(C#N)c(-c2ccccc2)n1)C(=O)Nc1ccc(Cl)cc1,3.5228787452803374,0
408,Cn1nc(-c2ccc(-c3ccnc(SCC(=O)Nc4ccc(Cl)cc4)n3)s2)cc1C(F)(F)F,5.0,1
409,O=C(CSc1nccc(-c2csc(-c3ccccc3)n2)n1)Nc1cc(Cl)cc(Cl)c1,5.522878745280337,1
411,Cc1ccc(SSc2nc(C)cc(C)n2)cc1,5.825358807339551,1
412,Clc1ccc(SSc2nnco2)cc1,6.453569528330592,1
413,Cc1nnc(SSc2ccccc2[N+](=O)[O-])o1,5.766242637034489,1
414,COC(=O)c1ccccc1SSc1nnco1,5.951558196449596,1
415,COC(=O)c1nc(SSc2ccccc2[N+](=O)[O-])[nH]c1C,5.682981898951889,1
416,Cc1ccc(SSc2nccs2)cc1,5.903089986991944,1
417,Cc1cc(C(=O)N[C@@H](C)C(=O)N[C@H](C(=O)N[C@@H](CC(C)C)C(=O)N[C@H](/C=C/C(=O)OCc2ccccc2)C[C@@H]2CCNC2=O)C(C)C)no1,5.045757490560675,1
418,Cc1cc(C)nc(SSc2ccccc2)n1,5.70092873997259,1
420,CCc1ccc(CNC(=O)C2CCN([C@H](C)c3cccc4ccccc34)CC2)cc1,6.327902142064283,1
421,C[C@H](c1cccc2ccccc12)N1CCC(C(=O)NCc2cccnc2)CC1,4.580044251510242,0
424,CC(=O)Nc1ccc(CNC(=O)C2CCN([C@H](C)c3cccc4ccccc34)CC2)cc1,5.2441251443275085,1
425,C[C@H](c1cccc2ccccc12)N1CCC(C(=O)NCc2ccc(F)cc2)CC1,6.309803919971486,1
426,CC(c1nccc2ccccc12)N1CCC(C(=O)NCc2cccc(F)c2)CC1,4.511449283499556,0
427,CC(=O)N[C@H](C(=O)N[C@H](C(=O)N[C@@H](CC(C)C)C(=O)N[C@@H](CCC(=O)N(C)C)C(=O)Cn1[nH]c(=O)c2c([N+](=O)[O-])cccc2c1=O)[C@H](C)OCc1ccccc1)C(C)C,6.221848749616356,1
431,Cc1ccc(-c2cnc(C(=O)[C@H](C[C@@H]3CCNC3=O)NC(=O)[C@H](CC(C)C)NC(=O)OCc3ccccc3)s2)cc1,4.431798275933005,0
432,CC(C)C[C@H](NC(=O)c1cc2ccccc2o1)C(=O)N[C@@H](C[C@@H]1CCNC1=O)C(=O)c1nc2ccccc2s1,4.853871964321762,0
433,CC(C)C[C@H](NC(=O)CCc1cccnc1)C(=O)N[C@@H](C[C@@H]1CCNC1=O)C(=O)c1nc2ccccc2s1,5.130768280269024,1
437,COc1ccc(OCC(=O)N[C@H](C(=O)N[C@@H](CC(C)C)C(=O)N[C@@H](C[C@@H]2CCNC2=O)C(=O)c2ncc(-c3ccc4ccccc4c3)s2)C(C)C)cc1,4.657577319177793,0
438,COc1ccc(OCC(=O)N[C@H](C(=O)N[C@@H](CC(C)C)C(=O)N[C@@H](C[C@@H]2CCNC2=O)C(=O)c2ncc(-c3ccc(OC)cc3)s2)C(C)C)cc1,4.251811972993799,0
439,CC(C)C[C@H](NC(=O)[C@@H](NC(=O)COc1ccccc1)C(C)C)C(=O)N[C@@H](C[C@@H]1CCNC1=O)C(=O)c1nc2ccccc2s1,6.6479247415801,1
440,CC(C)C[C@H](NC(=O)[C@@H](NC(=O)COc1ccc(C(=O)O)cc1)C(C)C)C(=O)N[C@@H](C[C@@H]1CCNC1=O)C(=O)c1nc2ccccc2s1,5.769551078621726,1
441,CC(C)C[C@H](NC(=O)[C@@H](NC(=O)COc1ccc(O)cc1)C(C)C)C(=O)N[C@@H](C[C@@H]1CCNC1=O)C(=O)c1nc2ccccc2s1,6.939713034397075,1
442,COc1ccccc1OCC(=O)N[C@H](C(=O)N[C@@H](CC(C)C)C(=O)N[C@@H](C[C@@H]1CCNC1=O)C(=O)c1nc2ccccc2s1)C(C)C,5.721246399047171,1
443,CN1C(=O)C(=O)c2cc(S(=O)(=O)N3CCN(CCc4ccccc4)CC3)ccc21,4.858236769724212,0
444,O=C(N[C@@H](Cc1ccccc1)C(=O)N[C@@H](C[C@@H]1CCNC1=O)C(=O)c1nc2ccccc2s1)OCc1ccccc1,5.920818753952375,1
445,CCN(CC)C(=O)CC[C@H](NC(=O)[C@@H](NC(=O)OCc1ccccc1)C(C)C)C(=O)c1nccs1,3.211831628858832,0
446,COC(=O)/C=C/[C@H](C[C@@H]1CCNC1=O)NC(=O)[C@H](CC(C)C)NC(=O)[C@@H](NC(=O)OCc1ccccc1)C(C)C,5.6107073360685185,1
450,O=C(Oc1cncc(Cl)c1)c1cc2ccccc2s1,7.022276394711152,1
451,Oc1cc(O)cc(Oc2c(Oc3c(O)cc(O)cc3O)cc(O)c3c2Oc2c(O)cc(O)cc2O3)c1,4.481981420133722,0
452,Oc1cc(O)cc(Oc2c(O)cc(O)c3c2Oc2c(O)cc4oc5c(Oc6cc(O)cc(O)c6)c(O)cc(O)c5c4c2O3)c1,4.503311141406031,0
453,CCc1c(C(=O)N[C@@H](CC(C)C)C(=O)N[C@@H](C[C@@H]2CCNC2=O)C(=O)c2nc3ccccc3s2)[nH]c2ccc(OC)cc12,5.1249387366083,1
455,COc1cc([C@@H]2CC(=O)c3c(cc4c(c3O)CCC(C)(CCCC(C)(C)O)O4)O2)cc(OC)c1O,4.894573317342553,0
456,CC(C)C[C@H](NC(=O)[C@H](Cc1cccc2ccccc12)NC(=O)OCc1ccccc1)C(=O)N[C@H](C=O)C[C@@H]1CCNC1=O,6.638272163982407,1
457,O=C(c1cncc(Br)c1)N1CCN(Cc2ccsc2)CC1,4.518740287026193,0
461,CC(C)C[C@H](NC(=O)[C@@H](NC(=O)COc1ccc([N+](=O)[O-])cc1)C(C)C)C(=O)N[C@@H](C[C@@H]1CCNC1=O)C(=O)c1nc2ccccc2s1,5.468521082957745,1
462,CC(C)C[C@H](NC(=O)[C@@H](NC(=O)OCc1ccccc1)C(C)C)C(=O)N[C@@H](C[C@@H]1CCNC1=O)C(=O)c1nc2ccccc2s1,7.078383610950995,1
463,Cc1cnc(C(=O)[C@H](C[C@@H]2CCNC2=O)NC(=O)[C@H](CC(C)C)NC(=O)[C@@H](NC(=O)COc2cccc(N(C)C)c2)C(C)C)s1,6.481486060122113,1
464,CCC(c1cccc2ccccc12)N1CCC(C(=O)NCc2ccc3c(c2)OCO3)CC1,4.764471553092451,0
465,C[C@H](c1cccc2ccccc12)N1CCC(C(=O)NCc2ccccc2)CC1,5.657577319177793,1
466,C[C@H](c1cccc2ccccc12)N1CCC(C(=O)NCc2cccc(F)c2)CC1,6.823908740944319,1
468,C[C@H](c1cccc2ccccc12)N1CCC(C(=O)NCc2ccc(Cl)cc2)CC1,6.236572006437063,1
469,CC(c1cccc2cnccc12)N1CCC(C(=O)NCc2cccc(F)c2)CC1,5.167491087293763,1
471,CC(C)COC(=O)Nc1ccc(N(Cc2ccsc2)C(=O)Cn2nnc3ccccc32)cc1,4.987162775294828,0
472,CC(=O)Nc1ccc(N(C(=O)Cn2nnc3ccccc32)C(C(=O)NC(C)(C)C)c2ccsc2)cc1,5.112382699664264,1
473,COc1ccc(OCC(=O)N[C@H](C(=O)N[C@@H](CC(C)C)C(=O)N[C@@H](C[C@@H]2CCNC2=O)C(=O)c2nc3ccccc3s2)C(C)C)cc1,6.945042068488103,1
474,COc1ccc(OCC(=O)N[C@H](C(=O)N[C@@H](CC(C)C)C(=O)N[C@@H](C[C@@H]2CCNC2=O)C(=O)c2ncc(-c3ccc(Cl)cc3)s2)C(C)C)cc1,5.886056647693163,1
475,O=S(=O)(Cc1[nH]c(-c2ccc(Cl)s2)c[s+]1)c1cccs1.[Br-],4.7447274948966935,0
477,Oc1cc(O)cc(Oc2c(O)cc(O)c3c2Oc2c(O)cc(O)cc2O3)c1,5.070851737733058,1
478,CC(C)C[C@H](NC(=O)/C=C/c1ccccc1)C(=O)N[C@@H](C[C@@H]1CCNC1=O)C(=O)c1nc2ccccc2s1,6.161150909262744,1
481,CC(C)[C@H](NC(=O)OCc1ccccc1)C(=O)N[C@@H](C[C@@H]1CCNC1=O)C(=O)c1nc2ccccc2s1,5.767003889607846,1
482,CC(=O)N[C@@H](CO)C(=O)N[C@@H](C)C(=O)N[C@H](C(=O)N[C@@H](CC1CCCCC1)C(=O)N[C@H](C=O)Cc1c[nH]cn1)C(C)C,7.187086643357144,1
483,CC(C)C[C@H](NC(=O)[C@@H](NC(=O)COc1cccnc1)C(C)C)C(=O)N[C@@H](C[C@@H]1CCNC1=O)C(=O)c1nc2ccccc2s1,6.097589660639418,1
486,Cc1cc(C(=O)N[C@@H](C)C(=O)N[C@H](C(=O)N[C@@H](CC(C)C)C(=O)N[C@H](C#N)CCC(N)=O)C(C)C)no1,4.309803919971486,0
487,CC(C)C[C@H](NC(=O)[C@@H](NC(=O)[C@H](C)NC(=O)OCc1ccccc1)C(C)C)C(=O)N[C@H](C#N)CCC(N)=O,5.337242168318426,1
488,CC(C)C[C@H](NC(=O)[C@@H](NC(=O)[C@H](C)NC(=O)[C@H](CO)NC(=O)[C@@H](NC(=O)OCc1ccccc1)[C@@H](C)O)C(C)C)C(=O)N[C@H](C#N)CCC(N)=O,4.4089353929735005,0
489,CC(C)C[C@H](NC(=O)[C@@H](NC(=O)[C@H](C)NC(=O)OC(C)(C)C)C(C)C)C(=O)N[C@H](C#N)CCC(N)=O,4.309803919971486,0
492,CC(=O)n1nc(SSc2ccccc2[N+](=O)[O-])nc1-c1cccnc1,5.753994095923971,1
493,COc1ccc(OCC(=O)N[C@H](C(=O)N[C@@H](CC(C)C)C(=O)N[C@@H](C[C@@H]2CCNC2=O)C(=O)c2ncc(-c3ccc(C)cc3)s2)C(C)C)cc1,5.835647144215563,1
494,CC(C)C[C@H](NC(=O)[C@@H](NC(=O)Oc1ccccc1)C(C)C)C(=O)N[C@@H](Cc1c[nH]cn1)C(=O)c1nccs1,2.795880017344075,0
495,CC(C)C[C@@H](NC(=O)[C@@H](NC(=O)OCc1ccccc1)C(C)C)C(=O)N[C@@H](C[C@@H]1CCNC1=O)C(=O)c1nc2ccccc2s1,2.795880017344075,0
496,CC(C)C[C@H](NC(=O)[C@@H](NC(=O)CNCc1ccccc1)C(C)C)C(=O)N[C@@H](C[C@@H]1CCNC1=O)C(=O)c1nc2ccccc2s1,5.1249387366083,1
498,CC(C)C[C@H](NC(=O)[C@@H](NC(=O)COc1ccccc1)C(C)C)C(=O)N[C@@H](Cc1c[nH]cn1)C(=O)c1nccs1,3.677780705266081,0
500,CC(C)C[C@H](NC(=O)[C@@H](NC(=O)OCc1ccc([N+](=O)[O-])cc1)C(C)C)C(=O)N[C@@H](C[C@@H]1CCNC1=O)C(=O)c1nccs1,4.443697499232712,0
501,CC(C)C[C@H](NC(=O)OC1CCN(C(=O)OC(C)(C)C)CC1)C(=O)N[C@H](C=O)C[C@@H]1CCNC1=O,5.6777807052660805,1
502,COc1cc(/C=C/C(=O)O[C@@H](C(=O)NC2CCCCC2)[C@@H](NC(=O)/C=C/c2ccccc2)c2ccccc2)cc(OC)c1OC,3.6020599913279625,0
503,CCC1(OC(=O)N[C@@H](CC(C)C)C(=O)N[C@@H](C[C@@H]2CCNC2=O)C(O)S(=O)(=O)[O-])CCN(C(=O)OC(C)(C)C)CC1.[Na+],5.3872161432802645,1
505,CN1CCN(S(=O)(=O)c2ccc3c(c2)C(=O)C(=O)N3C)CC1,4.927015255372069,0
506,O=C1Nc2ccc(S(=O)(=O)N3CCN(CCc4ccccc4)CC3)cc2C1=O,4.457050151185821,0
507,O=C1Nc2ccc(S(=O)(=O)N3CCN(c4ccc(F)cc4)CC3)cc2C1=O,4.0,0
508,CC1CCN(S(=O)(=O)c2ccc3c(c2)C(=O)C(=O)N3Cc2ccc3ccccc3c2)CC1,4.749092300299144,0
509,O=C(/C=C/c1ccccc1)O[C@@H](C(=O)NC1CCCCC1)[C@@H](NC(=O)OCc1ccccc1)c1ccccc1,4.1249387366083,0
511,CC(=O)Nc1cnc(SSc2ccccc2)s1,5.822175028135319,1
512,COC(=O)c1nc(SSc2ccc(Cl)cc2)[nH]c1C,5.384470776362868,1
513,CC(=O)Nc1cnc(SSc2ccc(Br)cc2)s1,5.782252926737207,1
514,CCOC(=O)c1ccccc1SSc1nc(C)cs1,5.610479534153622,1
515,CCOC(=O)c1ccccc1SSc1nc(C(=O)OC)c(C)[nH]1,5.225191169689294,1
516,CSCC[C@H](NC(=O)OCc1ccccc1)C(=O)N[C@@H](C[C@@H]1CCNC1=O)C(=O)c1nc2ccccc2s1,5.026872146400302,1
517,CC[C@@H](C)[C@H](NC(=O)OCc1ccccc1)C(=O)N[C@@H](C[C@@H]1CCNC1=O)C(=O)c1nc2ccccc2s1,4.5376020021010435,0
519,CC(C)C[C@H](NC(=O)OC(C)(C)C)C(=O)N[C@@H](C[C@@H]1CCNC1=O)C(=O)c1nc2ccccc2s1,4.638272163982407,0
520,CC(C)CC(=O)N[C@@H](CC(C)C)C(=O)N[C@@H](C[C@@H]1CCNC1=O)C(=O)c1nc2ccccc2s1,5.229147988357856,1
521,CC(C)C[C@H](NC(=O)COc1cccc(N(C)C)c1)C(=O)N[C@@H](C[C@@H]1CCNC1=O)C(=O)c1nc2ccccc2s1,6.075720713938118,1
523,Oc1cc(O)cc(O)c1,3.6989700043360187,0
524,CC(C)C[C@H](NC(=O)c1c[nH]c2ccccc12)C(=O)N[C@@H](C[C@@H]1CCNC1=O)C(=O)c1nc2ccccc2s1,6.167491087293763,1
525,CC1CCN(S(=O)(=O)c2ccc3c(c2)C(=O)C(=O)N3)CC1,5.928117992693875,1
526,O=C1Nc2ccc(S(=O)(=O)N3CCOCC3)cc2C1=O,4.897566294318664,0
527,CN1CCN(S(=O)(=O)c2ccc3c(c2)C(=O)C(=O)N3Cc2ccc3ccccc3c2)CC1,4.081393084855018,0
528,O=C1Nc2ccc(S(=O)(=O)N3CCN(c4ccccn4)CC3)cc2C1=O,4.289628735739237,0
529,CC1CC(C)CN(S(=O)(=O)c2ccc3c(c2)C(=O)C(=O)N3)C1,5.366531544420414,1
530,COc1ccccc1NCC(=O)N[C@@H](CC(C)C)C(=O)N[C@@H](C[C@@H]1CCNC1=O)C(=O)c1nc2ccccc2s1,5.667679012221937,1
531,COc1ccc(/C=C/C(=O)N[C@@H](CC(C)C)C(=O)N[C@@H](C[C@@H]2CCNC2=O)C(=O)c2nc3ccccc3s2)cc1OC,5.886056647693163,1
532,O=C(Nc1ccc(N(Cc2ccsc2)C(=O)Cn2nnc3ccccc32)cc1)C1CC1,5.3872161432802645,1
540,CCOC(=O)c1ccccc1SSc1nnc(C)o1,5.80771138743188,1
541,CC(=O)N[C@@H](CC(=O)O)C(=O)N[C@@H](CO)C(=O)N[C@@H](Cc1ccccc1)C(=O)N[C@@H](CC(=O)O)C(=O)N[C@@H](CCC(N)=O)C(=O)O,4.3872161432802645,0
542,COc1ccc(/C=C/C(=O)N[C@@H](CC(C)C)C(=O)N[C@@H](C[C@@H]2CCNC2=O)C(=O)c2nc3ccccc3s2)cc1,6.154901959985743,1
544,COc1ccc(-c2cnc(C(=O)[C@H](C[C@@H]3CCNC3=O)NC(=O)[C@H](CC(C)C)NC(=O)OCc3ccccc3)s2)cc1,4.2839966563652006,0
545,CC(C)C(=O)Nc1ccc(N(Cc2ccsc2)C(=O)Cn2nnc3ccccc32)cc1,5.318758762624412,1
546,O=C(Cn1nnc2ccccc21)N(Cc1ccsc1)c1ccc(-c2ccccc2)cc1,7.292429823902063,1
547,CC(C)(C)NC(=O)C(c1ccsc1)N(C(=O)Cn1nnc2ccccc21)c1ccc(NC(=O)C2CCC2)cc1,5.42021640338319,1
549,O=C(O)c1cccc(N2N=C(C(F)(F)F)/C(=C\c3ccc(-c4ccccc4C(=O)O)o3)C2=O)c1,4.301029995663981,0
550,CC(C)c1ccc(N2N=C(c3ccccc3)/C(=C/c3ccc(-c4cc(Cl)ccc4C(=O)O)o3)C2=O)cc1,5.221848749616356,1
551,N#Cc1ccc(N2N=C(c3ccccc3)/C(=C/c3ccc(-c4ccccc4C(=O)O)o3)C2=O)cc1,4.728158393463501,0
552,CNC(=O)c1cccc(CNC(=O)C2CCN([C@H](C)c3cccc4ccccc34)CC2)c1,6.200659450546418,1
553,CC(=O)N[C@@H](CC(=O)O)C(=O)N[C@@H](CO)C(=O)N[C@H](C(=O)N[C@@H](CC(C)C)C(=O)N[C@@H](CCC(N)=O)C(=O)O)[C@@H](C)O,5.0,1
554,O=C(NCc1cccc(F)c1)C1CCN(C2CCCc3ccc4ccccc4c32)CC1,5.292429823902063,1
555,COCC(c1cccc2ccccc12)N1CCC(C(=O)NCc2ccc3c(c2)OCO3)CC1,4.0,0
557,COc1ccc(OCC(=O)N[C@@H](CC(C)C)C(=O)N[C@@H](C[C@@H]2CCNC2=O)C(=O)c2nc3ccccc3s2)cc1,5.806875401645538,1
558,COc1ccc(NCC(=O)N[C@@H](CC(C)C)C(=O)N[C@@H](C[C@@H]2CCNC2=O)C(=O)c2nc3ccccc3s2)cc1,5.494850021680094,1
559,O=C1Nc2ccc(S(=O)(=O)N3CCCCC3)cc2C1=O,5.351639989019068,1
561,CN(CC(=O)NC1CCCC1)S(=O)(=O)c1cccc(Cl)c1,4.86292107536816,0
564,CC(C)(O)CCCC1(C)CCc2c(cc3c(c2O)C(=O)C[C@@H](c2ccc(O)c(O)c2)O3)O1,5.263183536563079,1
565,COc1cc([C@@H]2CC(=O)c3c(cc(O)c(C/C=C(\C)CCC=C(C)C)c3O)O2)ccc1O,5.0140838600375375,1
566,CC(C)=CCC/C(C)=C/Cc1c(O)cc2c(c1O)C(=O)C[C@@H](c1ccc(O)c(O)c1)O2,5.137698242301641,1
568,CC(C)C[C@H](NC(=O)[C@@H](NC(=O)OCc1ccccc1)C(C)C)C(=O)N[C@@H](Cc1c[nH]cn1)C(=O)c1nccs1,3.585026652029182,0
571,Oc1cc(O)c(Oc2cc(O)cc(O)c2Oc2cc(O)cc(O)c2-c2c(O)cc(O)cc2O)c(O)c1,4.198941731802195,0
572,COc1cc([C@@H]2CC(=O)c3c(cc(O)c(C/C=C(\C)CCC=C(C)C)c3O)O2)cc(OC)c1O,4.9663529568420115,0
574,CCOC(=O)c1ccccc1SSc1nc(-c2ccncc2)n(C(C)=O)n1,5.345727172902289,1
575,COC(=O)c1ccccc1SSc1nnc(C)o1,5.774949303861951,1
576,Cc1csc(SSc2ccccc2[N+](=O)[O-])n1,5.592609095529268,1
577,Fc1ccc(SSc2nccs2)cc1,5.655411257421286,1
578,CC(=O)Nc1cnc(SSc2ccc(F)cc2)s1,5.590912630552165,1
579,COC(=O)c1ccccc1SSc1nc(C(=O)OC)c(C)[nH]1,5.402633949733972,1
580,CCOC(=O)c1ccccc1SSc1nc(-c2cccnc2)n(C(C)=O)n1,5.247644195846499,1
581,CC(C)=CCC/C(C)=C/Cc1c(O)cc2c(c1O)C(=O)C[C@@H](c1ccc(O)cc1)O2,4.9747714526071345,0
582,COc1cc([C@@H]2CC(=O)c3c(cc4c(c3O)CCC(C)(CCCC(C)(C)O)O4)O2)cc(O)c1OC,5.1182860032185316,1
584,CC1=NN(c2cccc(C(=O)O)c2)C(=O)/C1=C\c1ccc(-c2cc(Cl)ccc2C(=O)O)o1,4.301029995663981,0
585,O=C(O)c1cccc(N2N=C(c3ccccc3)/C(=C/c3ccc(-c4ccccc4)o3)C2=O)c1,5.1938200260161125,1
588,COc1cc([C@H]2Oc3cc4c(c(O)c3C(=O)[C@@H]2O)CCC(C)(CCCC(C)(C)O)O4)ccc1O,5.366414135798493,1
591,CC(C)C[C@H](NC(=O)[C@@H](NC(=O)COc1ccc(N(C)C)cc1)C(C)C)C(=O)N[C@@H](C[C@@H]1CCNC1=O)C(=O)c1nc2ccccc2s1,6.187086643357144,1
595,Oc1cc(O)cc(Oc2c(O)cc(Oc3c(O)cc(O)cc3O)cc2O)c1,3.7833064008302455,0
596,Oc1cc(O)c2oc3cc(O)c4oc5cc(O)cc(O)c5oc4c3oc2c1,3.8173407302237576,0
597,O=C(Cn1nnc2ccccc21)N(Cc1ccsc1)c1ccc(NCc2ccccc2)cc1,5.823908740944319,1
599,CCC(=O)Nc1ccc(N(Cc2ccsc2)C(=O)Cn2nnc3ccccc32)cc1,5.5376020021010435,1
600,CC(C)(C)NC(=O)C(c1ccsc1)N(C(=O)Cn1nnc2ccccc21)c1ccc(NS(C)(=O)=O)cc1,4.596793666832964,0
604,O=C(NCc1ccc2c(c1)OCO2)C1CCN(C(CO)c2cccc3ccccc23)CC1,4.494850021680094,0
605,O=C(O)c1cccc(N2N=C(c3ccccc3)/C(=C/c3ccc(-c4cc(Cl)ccc4C(=O)O)o3)C2=O)c1,4.349692476868063,0
606,O=C(O)c1ccccc1-c1ccc(/C=C2\C(=O)N(c3ccccc3)N=C2c2ccccc2)o1,4.3851027839668655,0
607,CC(C)c1ccc(N2N=C(c3ccccc3)/C(=C/c3ccc(-c4ccccc4C(=O)O)o3)C2=O)cc1,4.931814138253839,0
608,CN1CCN(S(=O)(=O)c2ccc3c(c2)C(=O)C(=O)N3)CC1,4.114978205137702,0
609,CN1C(=O)C(=O)c2cc(S(=O)(=O)N3CCOCC3)ccc21,5.003926345514724,1
614,O=C(On1nnc2ccccc21)c1ccc2[nH]ccc2c1,8.1249387366083,1
616,COc1ccc(CCC(=O)N[C@@H](CC(C)C)C(=O)N[C@@H](C[C@@H]2CCNC2=O)C(=O)c2nc3ccccc3s2)cc1,6.214670164989233,1
617,CC(C)C[C@H](NC(=O)Cc1ccccc1)C(=O)N[C@@H](C[C@@H]1CCNC1=O)C(=O)c1nc2ccccc2s1,5.494850021680094,1
619,CCCC[C@H](NC(=O)OCc1ccccc1)C(=O)N[C@@H](C[C@@H]1CCNC1=O)C(=O)c1nc2ccccc2s1,5.795880017344075,1
621,CC1CC(C)CN(S(=O)(=O)c2ccc3c(c2)C(=O)C(=O)N3Cc2ccccc2)C1,5.327902142064283,1
622,CC1CCN(S(=O)(=O)c2ccc3c(c2)C(=O)C(=O)N3C)CC1,5.982966660701219,1
623,O=C1C(=O)N(Cc2ccccc2)c2ccc(S(=O)(=O)N3CCCCC3)cc21,4.853871964321762,0
626,Clc1ccc(SSc2ncccn2)cc1,6.164943898279883,1
627,O=[N+]([O-])c1ccccc1SSc1ncccn1,6.054039296422431,1
628,COc1ccc([C@H]2Oc3cc(O)c(C/C=C(\C)CCC=C(C)C)c(O)c3C(=O)[C@@H]2O)cc1O,5.118435811600431,1
631,COc1ccc([C@@H]2CC(=O)c3c(cc4c(c3O)CCC(C)(CCCC(C)(C)O)O4)O2)cc1O,5.335301060319479,1
635,COc1cccc(/C=C/C(=O)O[C@@H](C(=O)NC2CCCCC2)[C@@H](NC(=O)/C=C/c2ccccc2)c2ccccc2)c1,4.187086643357144,0
637,CC(C)C(=O)Nc1ccc(N(C(=O)Cn2nnc3ccccc32)C(C(=O)NC(C)(C)C)c2ccsc2)cc1,5.372871016388082,1
638,COCCC(=O)Nc1ccc(N(C(=O)Cn2nnc3ccccc32)C(C)c2ccsc2)cc1,5.468521082957745,1
640,O=C(O)c1ccccc1-c1ccc(/C=C2\C(=O)N(c3ccc(F)cc3)N=C2c2ccccc2)o1,4.425968732272281,0
641,COc1ccccc1-c1cnc(C(=O)[C@H](C[C@@H]2CCNC2=O)NC(=O)[C@H](CC(C)C)NC(=O)OCc2ccccc2)s1,5.6020599913279625,1
642,CC(C)C[C@H](NC(=O)OCc1ccccc1)C(=O)N[C@@H](C[C@@H]1CCNC1=O)C(=O)c1ncc(-c2ccccc2)s1,6.180456064458132,1
645,O=C(/C=C/c1ccccc1)N[C@@H](c1ccccc1)[C@@H](OC(=O)CCc1ccccc1)C(=O)NC1CCCCC1,4.187086643357144,0
652,CC(C)C[C@H](NC(=O)OC1(Cc2ccccc2)CCN(C(=O)OC(C)(C)C)CC1)C(=O)N[C@@H](C[C@@H]1CCNC1=O)C(O)S(=O)(=O)[O-].[Na+],5.200659450546418,1
653,COc1ccc([C@@H]2CC(=O)c3c(O)cc(O)cc3O2)cc1O,4.651385328620141,0
654,CC(=O)N[C@@H](CC(N)=O)C(=O)N[C@@H](CO)C(=O)N[C@H](C(=O)N[C@@H](CC(=O)O)C(=O)N[C@@H](CCC(N)=O)C(=O)O)[C@@H](C)O,4.698970004336019,0
655,O=C1/C(=C\c2ccc(-c3ccccc3)o2)C(c2ccccc2)=NN1c1ccccc1,4.301029995663981,0
656,O=C1c2cccc(O)c2C(=O)c2c(O)cc(CO)cc21,3.87942606879415,0
657,O=c1c(-c2ccc(O)cc2)coc2cc(O)ccc12,3.9788107009300617,0
659,C[C@H](NC(=O)C1CCN([C@H](C)c2cccc3ccccc23)CC1)c1ccccc1,4.896196279044043,0
660,COC[C@@H](NC(=O)C1CCN([C@H](C)c2cccc3ccccc23)CC1)c1ccccc1,5.721246399047171,1
661,CC(=O)Nc1cccc(CNC(=O)C2CCN([C@H](C)c3cccc4ccccc34)CC2)c1,6.4089353929735005,1
662,CC(=O)NCc1cccc(CNC(=O)C2CCN([C@H](C)c3cccc4ccccc34)CC2)c1,4.690369832574101,0
664,CCOC(=O)N1CCC(OC(=O)N[C@@H](CC(C)C)C(=O)N[C@H](C=O)C[C@@H]2CCNC2=O)CC1,5.494850021680094,1
665,COc1ccc(OCC(=O)N[C@H](C(=O)N[C@@H](CC(C)C)C(=O)N[C@@H](C[C@@H]2CCNC2=O)C(=O)c2ncc(-c3ccccc3)s2)C(C)C)cc1,6.568636235841013,1
671,COc1cccc(OCC(=O)N[C@H](C(=O)N[C@@H](CC(C)C)C(=O)N[C@@H](C[C@@H]2CCNC2=O)C(=O)c2nc3ccccc3s2)C(C)C)c1,6.1249387366083,1
672,CC(=O)N[C@H](C(=O)N[C@@H](CC(C)C)C(=O)N[C@@H](C[C@@H]1CCNC1=O)C(=O)c1nccs1)C(C)C,4.619788758288394,0
673,CC(C)C[C@H](NC(=O)[C@@H](NC(=O)Oc1ccccc1)C(C)C)C(=O)N[C@@H](C[C@@H]1CCNC1=O)C(=O)c1nccs1,4.070581074285707,0
674,CC1=NN(c2ccccc2)C(=O)/C1=C\c1ccc(-c2cc(Cl)ccc2C(=O)O)o1,4.301029995663981,0
675,CC(C)(C)c1ccc(N2N=C(c3ccccc3)/C(=C/c3ccc(-c4cc(Cl)ccc4C(=O)O)o3)C2=O)cc1,5.236572006437063,1
676,CC(C)(C)c1ccc(N2N=C(c3ccccc3)/C(=C/c3ccc(-c4ccccc4C(=O)O)o3)C2=O)cc1,5.0655015487564325,1
677,O=C(O)c1cccc(N2N=C(c3ccccc3)/C(=C/c3ccco3)C2=O)c1,4.301029995663981,0
678,O=C(O)c1cccc(N2N=C(c3ccccc3)/C(=C/c3ccc(OCc4ccccc4)cc3)C2=O)c1,4.804100347590766,0
679,CCC1(OC(=O)N[C@@H](CC(C)C)C(=O)N[C@H](C=O)C[C@@H]2CCNC2=O)CCN(C(=O)OC(C)(C)C)CC1,5.259637310505756,1
680,CC(C)C[C@H](NC(=O)OC1CCN(S(C)(=O)=O)CC1)C(=O)N[C@H](C=O)C[C@@H]1CCNC1=O,4.540607512240769,0
681,CC(=O)N[C@@H](Cc1cnc[nH]1)C(=O)N[C@@H](CO)C(=O)N[C@H](C(=O)N[C@@H](CC(C)C)C(=O)N[C@@H](CCC(N)=O)C(=O)O)[C@@H](C)O,4.301029995663981,0
682,CC(=O)N[C@@H](CCC(=O)O)C(=O)N[C@@H](CO)C(=O)N[C@H](C(=O)N[C@@H](CC(C)C)C(=O)N[C@@H](CCC(N)=O)C(=O)O)[C@@H](C)O,5.110924374808178,1
683,CC(=O)N[C@@H](CC(N)=O)C(=O)N[C@@H](CO)C(=O)N[C@@H](Cc1ccccc1)C(=O)N[C@@H](CO)C(=O)N[C@@H](CCC(N)=O)C(=O)O,4.142667503568732,0
686,CC(C)(C)NC(=O)C(c1ccsc1)N(C(=O)Cn1nnc2ccccc21)c1ccc(NC(=O)C(C)(C)C)cc1,4.647817481888637,0
688,COc1ccc2cc(C(=O)N[C@@H](CC(C)C)C(=O)N[C@@H](C[C@@H]3CCNC3=O)C(=O)c3nc4ccccc4s3)[nH]c2c1,6.481486060122113,1
690,COc1ccc2[nH]c(C(=O)N[C@@H](CC(C)C)C(=O)N[C@@H](C[C@@H]3CCNC3=O)C(=O)c3nc4ccccc4s3)c(C)c2c1,5.173925197299174,1
691,CC(C)C[C@H](NC(=O)OC1(Cc2ccccc2)CCN(C(=O)OC(C)(C)C)CC1)C(=O)N[C@H](C=O)C[C@@H]1CCNC1=O,5.2839966563652006,1
692,C=C(Cc1cccc(C)c1)C1=CC=C(c2ccc(C)cc2)C1,4.886056647693163,0
694,CC(C)C[C@H](NC(=O)OC1CCN(C(=O)OC(C)(C)C)CC1)C(=O)N[C@@H](C[C@@H]1CCNC1=O)C(O)S(=O)(=O)[O-].[Na+],5.292429823902063,1
695,CC(C)C[C@H](NC(=O)OC1(Cc2ccccc2)CCN(S(C)(=O)=O)CC1)C(=O)N[C@@H](C[C@@H]1CCNC1=O)C(O)S(=O)(=O)[O-].[Na+],5.366531544420414,1
697,CC(C)C[C@H](NC(=O)OC1(Cc2ccccc2)CCN(S(C)(=O)=O)CC1)C(=O)N[C@H](C=O)C[C@@H]1CCNC1=O,5.4089353929735005,1
698,CC(C)C[C@H](NC(=O)OC1CCN(S(C)(=O)=O)CC1)C(=O)N[C@@H](C[C@@H]1CCNC1=O)C(O)S(=O)(=O)[O-].[Na+],4.375717904164332,0
699,CC(=O)Nc1cnc(SSc2ccc(Cl)cc2)s1,5.58070527824654,1
700,CCOC(=O)c1c[nH]c(SSc2ccc(Cl)cc2)n1,5.434742656579786,1
701,CCOC(=O)/C=C/[C@H](C[C@@H]1CCNC1=O)NC(=O)[C@H](CCC(C)C)NC(=O)[C@@H](NC(=O)[C@@H](NC(=O)c1ccco1)C(C)C)C(C)C,5.173925197299174,1
702,O=C(/C=C/c1ccccc1)N[C@@H](c1ccccc1)[C@@H](OC(=O)/C=C/c1cccc(O)c1)C(=O)NC1CCCCC1,3.3010299956639813,0
703,O=C(/C=C/c1ccccc1)N[C@@H](c1ccccc1)[C@@H](OC(=O)/C=C/c1ccccc1)C(=O)NC1CCCCC1,4.070581074285707,0
704,O=C(/C=C/c1ccccc1)N[C@@H](c1ccccc1)[C@@H](O)C(=O)NC1CCCCC1,3.3010299956639813,0
705,CC(=O)n1nc(SSc2ccc(C)cc2)nc1-c1ccccc1,5.362110183419209,1
706,Clc1ccc(SSc2nccs2)cc1,5.72792621249999,1
707,Cc1cc(C)nc(SSc2ccc(Cl)cc2)n1,5.842543231865775,1
708,Cc1cc(C)nc(SSc2ccccc2[N+](=O)[O-])n1,6.035740369803151,1
709,COc1ccc(SSc2nc(-c3cccnc3)n(C(C)=O)n2)cc1,5.237021509132257,1
710,CC(=O)Nc1cnc(SSc2ccc(C)cc2)s1,5.552376902239714,1
711,Brc1ccc(SSc2ncccn2)cc1,6.15676722190199,1
712,Brc1ccc(SSc2nccs2)cc1,5.478731124401615,1
713,O=C(/C=C/c1ccccc1)N[C@@H](c1ccccc1)[C@@H](OC(=O)c1ccccc1)C(=O)NC1CCCCC1,4.366531544420414,0
714,Cc1ccc(SSc2ncccn2)cc1,5.817585347565446,1
715,O=[N+]([O-])c1ccccc1SSc1nccs1,5.692717952966654,1
716,COC(=O)c1ccccc1SSc1nc(C)co1,5.898252926053634,1
717,COc1ccc(SSc2nc(-c3ccccc3)n(C(C)=O)n2)cc1,5.3872161432802645,1
718,CCOC(=O)N1CCC(OC(=O)N[C@@H](CC(C)C)C(=O)N[C@@H](C[C@@H]2CCNC2=O)C(O)S(=O)(=O)[O-])CC1.[Na+],5.055517327849832,1
719,Cc1cc(C)nc(SSc2ccc(Br)cc2)n1,5.9503943874050265,1
720,CC(=O)Nc1cnc(SSc2ccccc2[N+](=O)[O-])s1,5.710634048479968,1
721,CC(=O)n1nc(SSc2ccccc2[N+](=O)[O-])nc1C,5.504455662453552,1
722,COc1cc(/C=C/C(=O)O[C@@H](C(=O)NC2CCCCC2)[C@@H](NC(=O)/C=C/c2ccccc2)c2ccccc2)cc(OC)c1,3.9030899869919438,0
5,CCn1nc(-c2ccccc2)nc2c(=O)n(C)c(=O)nc1-2,4.950851231752651,0
6,O=C(NCc1ccco1)C(c1ccco1)N(C(=O)Cn1nnc2ccccc21)c1ccc2c(c1)CCC2,4.596793666832964,0
7,Cl.O=C(Oc1cccnc1)c1ccc(Cl)cc1,5.161150909262744,1
8,CCc1cccc(CC)c1N(COC)C(=O)Cn1nnc2ccccc21,5.372871016388082,1
9,Cc1cc(NC(=O)COC(=O)C(Nc2ccc(C(F)(F)F)cc2Cl)C(C)C)no1,4.877787213913532,0
10,COc1ccc2cc(C3(C)NC(=O)N(CC(=O)NCc4ccco4)C3=O)ccc2c1,4.506960411682349,0
11,Cc1ccc(C(=O)Oc2ccc3c(c2)ncn3C)cc1,5.0915149811213505,1
12,O=C(Oc1ccc(Cl)cc1N1C(=O)CCC1=O)c1ccco1,5.318758762624412,1
13,CC(=O)c1cc(-c2ccccc2)[nH]c1N1CCCC1,5.384137808335741,1
15,CC(=O)c1c(OC(=O)c2ccco2)c2ccccc2n1C,4.3436717691248505,0
16,Cc1nnc(SC(=O)N2c3ccccc3Sc3ccccc32)s1,4.981008405294388,0
17,Cn1nc(-c2ccc(Cl)cc2)nc2c(=O)n(C)c(=O)nc1-2,4.701583619938705,0
18,COc1cccc(C(C(=O)NCc2ccco2)N(Cc2ccco2)C(=O)Cn2nnc3ccccc32)c1,5.110418197850376,1
19,COc1ccc(C(=O)Oc2cccnc2)cc1,4.224462365219043,0
20,Cc1ccc2[nH]c3c(c2c1)CN(C(=O)CN1c2ccc(F)cc2CCC1C)CC3,4.596073435168732,0
21,Cc1cc(C)c(C)c(S(=O)(=O)N2CCN(C(=O)c3cc(=O)[nH]c4ccccc34)CC2)c1C,5.315693353928369,1
22,COc1ccc(C(=O)n2c(SC)nc3cc4c(cc32)OCCO4)cc1,5.964570261815451,1
23,Cc1sc(NC(=O)CCl)c(C(=O)c2ccccc2)c1C,4.933785924528756,0
24,COc1ccc(N(C(=O)Cn2nnc3ccccc32)C2(C(=O)NC3CCCC3)CCCCC2)cc1,5.103088159173975,1
25,Cc1cc(C)c(N(C(=O)Cn2nnc3ccccc32)C(C(=O)NC(C)(C)C)c2ccsc2)c(C)c1,5.537003387971944,1
26,COc1cccc(C(C(=O)Nc2ccc(F)cc2)N(C(=O)Cn2nnc3ccccc32)C2CC2)c1,4.977736634318742,0
27,Cc1ccc(/C=C/C(=O)c2cc(Br)ccc2OC(=O)c2ccco2)cc1,4.950898321791443,0
28,O=C(Nc1ccc(OCC(F)(F)C(F)F)c(C(F)(F)F)c1)c1ccccc1O,4.224462365219043,0
29,COc1ccccc1/C=C/C(=O)c1cc(Br)ccc1OC(=O)c1ccco1,5.048711062722328,1
30,O=C(/C=C/c1ccc(Cl)c([N+](=O)[O-])c1)NCc1cccnc1,5.043093073808142,1
31,O=C(Oc1ccc(Br)cc1C(=O)/C=C/c1ccccc1F)c1ccco1,5.1474590142302015,1
32,COc1cc(/C=N\NC(=O)Cn2nnc3ccccc32)cc(OC)c1OC,5.285754088982106,1
33,O=C(Cn1nnc2ccccc21)c1ccc(Cl)cc1,4.7271159920804795,0
34,CC(=O)Nc1ccc(N(C(=O)Cn2nnc3ccccc32)C(C(=O)NC2CCCC2)c2ccc(O)c(O)c2)cc1,4.6930776625519295,0
35,CCC(C)(C)NC(=O)C(c1ccc(O)cc1)N(C(=O)Cn1nnc2ccccc21)c1ccc(NC(C)=O)cc1,4.92741926735105,0
36,O=C(Cn1nnc2ccccc21)c1ccc(Br)cc1,5.396530840266161,1
37,Cc1cc(=O)oc2cc(OC(=O)c3ccco3)ccc12,5.476123524361869,1
38,CCC(C)(C)NC(=O)C(c1cccn1C)N(C(=O)Cn1nnc2ccccc21)c1ccc(NC(C)=O)cc1,7.301029995663981,1
39,Cc1cccc2c1N(CCOc1ccccc1)C(=O)C2=O,4.667016489183774,0
40,O=C(OCC(=O)N1c2ccccc2Sc2ccccc21)c1cccnc1,4.794335592628313,0
41,O=Cc1cn(Cc2ccccc2)nc1-c1cccnc1,5.141823862017656,1
42,CC1(C)C2CC=C(/C=N/NC(=S)Nc3cccnc3)C1C2,4.224462365219043,0
43,COc1cccc(/C=N/NC(=S)Nc2cccnc2)c1,4.117802826978509,0
44,Cc1cc(NC(=O)COn2nnc3ccc(S(C)(=O)=O)cc32)ccc1Br,4.671989339909607,0
45,Cc1cc(C(=O)CCl)c(C)n1-c1cccc([N+](=O)[O-])c1,5.33856594960608,1
46,O=C(c1cc(=O)[nH]c2ccccc12)N1CCN(c2cccc(C(F)(F)F)c2)CC1,5.384137808335741,1
47,O=C(/C=C/c1cccs1)Nc1scc(-c2ccccc2)c1C(=O)O,5.28241270314454,1
48,Cc1cccc(N2CCN(C(=O)c3cc(=O)[nH]c4ccccc34)CC2)c1C,5.176525770829699,1
49,CC(=O)n1cc(N(C(=O)CCl)c2ccc([N+](=O)[O-])cc2)c2ccccc21,4.965692470403437,0
50,COc1ccccc1OCCNC(=O)c1cc(=O)[nH]c2ccccc12,5.444059562181489,1
51,CC(C)C12CN(C(=O)c3ccccc3[N+](=O)[O-])CC(C(C)C)(CN(C(=O)c3ccccc3[N+](=O)[O-])C1)C2=O,4.7271159920804795,0
52,O=C(c1cc(=O)[nH]c2ccccc12)N1CCN(c2ccccc2)CC1,6.255583682808799,1
53,O=C(O)c1ccc2ncsc2c1,4.91560248085885,0
54,O=C(/C=C/c1c(F)cccc1Cl)Nc1cccnc1,4.434494559182634,0
55,O=C(/C=C/c1ccccc1Cl)Nc1cccnc1,4.970521410611345,0
56,O=C1C(=O)N(CCCc2ccccc2)c2ccccc21,4.732312120134261,0
57,COC(=O)c1ccc(OC(=O)CN2C(=O)c3ccccc3C2=O)cc1,4.224462365219043,0
58,Cc1cc(=O)oc2cc(NC(=O)Cc3ccccc3[N+](=O)[O-])ccc12,4.224462365219043,0
59,O=C(N/N=C\c1c(O)ccc2ccccc12)c1cncc(Br)c1,4.840974508775095,0
60,O=C(O)c1[nH]c2ccccc2c1C(c1cc(Br)ccc1O)c1c(C(=O)O)[nH]c2ccccc12,4.224462365219043,0
61,O=C(O)COc1ccc(Br)cc1C(c1c(C(=O)O)[nH]c2ccccc12)c1c(C(=O)O)[nH]c2ccccc12,4.224462365219043,0
62,COc1ccc(N(Cc2cc(=O)[nH]c3ccccc23)C(=O)CCl)cc1,4.85210735516715,0
63,CCc1nc(N2CCN(C(=O)CCl)CC2)c2c3c(sc2n1)CC(C)CC3,5.373249146316607,1
64,Cc1ccc(-c2cc(NC(=O)c3ccccc3[N+](=O)[O-])n[nH]2)cc1,4.613982860193153,0
65,CCOc1ccc2c(c1)C(=O)C(=O)N2CC1COc2ccccc2O1,5.367239111520561,1
66,CCc1ccc2c(c1)C(NC(C)=O)C(=O)N2CCN1CCOCC1.Cl,5.182897595743077,1
67,COc1ccc2c(c1)C(=O)C(=O)N2CC1COc2ccccc2O1,4.301029995663981,0
68,CC(=O)NC1C(=O)N(CCN2CCOCC2)c2ccc(Br)cc21.Cl,5.120216219909584,1
69,Cc1ccc(C2CC(c3cccs3)=NN2C(=O)CCl)cc1,5.37757872602433,1
70,O=C1C(=O)N(CC2COc3ccccc3O2)c2ccccc21,4.6821872918491785,0
71,CC(=O)NC1C(=O)N(CCN2CCOCC2)c2ccc(F)cc21.Cl,5.0411018052892285,1
72,CCCCOc1ccc(C(=O)Oc2cccnc2)cc1,4.224462365219043,0
73,CCN(CC)C(=O)Cn1cc(/C=C2\C(=O)NC(=O)N(c3ccccc3F)C2=O)c2ccccc21,4.666273523555024,0
74,Cc1cc(C)n(C(=O)c2ccc(C)c(Br)c2)n1,4.457211906549324,0
75,Cc1ccc(C(=O)n2cnc3ccccc32)cc1C,4.77283343326857,0
76,COc1cc2c(cc1OC)C(c1cc(Br)ccc1F)N(C(=O)CCl)CC2,5.00528701456843,1
77,O=c1[nH]c(=O)n(-c2ccccc2F)c(O)c1/C=C1\C=Nc2ccccc21,5.023833499868025,1
78,O=C1C(=O)N(C/C=C/c2ccccc2)c2ccccc21,5.4358003656410965,1
79,O=C(CCl)N(CCc1ccccc1)CCc1ccccc1,5.101366229584642,1
80,N#CCC(=O)N/N=C/c1c(-c2ccccc2)n(-c2ccccc2)c2ccccc12,5.0286735941533935,1
81,Cc1ccc(C2=NN(C(=O)CCl)C(c3ccco3)C2)o1,5.284414448106804,1
82,CN(C)S(=O)(=O)c1cccc(NC(=O)CSc2cccc3cccnc23)c1,4.919229253159278,0
83,COc1cc(C2CC(c3cccs3)=NN2C(=O)CCl)ccc1OC(F)F,5.553462832926356,1
84,COc1ccc(C2CC(c3cccs3)=NN2C(=O)CCl)cc1OC,5.638461028730721,1
85,O=C(Nc1ccccc1)NN(C(=O)CCl)c1ccccc1,5.0161032086736945,1
86,O=C(Cc1ccc(Cl)c(Cl)c1)Nc1cccnc1,4.550598747003779,0
87,COc1ccc(C2C(O)C(c3c[nH]c4ccccc34)=NN2C(=O)CCl)cc1,5.445753191833889,1
88,CC(C)C[C@H](NC(=O)c1nc[nH]c1C(=O)NCc1ccc(CNC(=O)OC(C)(C)C)cc1)C(=O)OC(C)(C)C,4.224462365219043,0
89,O=C(CSc1ccccn1)Nc1nonc1[N+](=O)[O-],5.150703459165274,1
90,Cc1ccc(C(=O)O)cc1NC(=S)NC(=O)c1ccc(COc2ccccc2)cc1,4.224462365219043,0
91,C[C@@]12C(=O)N(c3cccc(Br)c3)C(=O)N1[C@H](c1ccc(Cl)cc1)[C@@H]1C(=O)N(C3CCCCC3)C(=O)[C@@H]12,4.301029995663981,0
92,CCc1cc(=O)oc2cc(OC(=O)c3ccco3)ccc12,4.301029995663981,0
93,Nc1ncc(Br)cc1S(=O)(=O)Nc1cc(C(F)(F)F)cc(C(F)(F)F)c1,4.346980857495459,0
94,CC1CCC2C(=O)N(c3cc(Cl)ccc3OC(=O)c3ccco3)C(=O)C2C1,5.1184259607388745,1
95,CCC(C)c1ccc(N(C(=O)c2ccco2)C(C(=O)NC2CCCC2)c2cccnc2)cc1,5.081901259610538,1
96,CC(C)c1ccc(N(C(=O)c2csnn2)C(C(=O)NC2CCCC2)c2cccnc2)cc1,4.550907468880581,0
97,CC(C)c1ccc(N(C(=O)c2ccco2)C(C(=O)NC2CCCC2)c2cccnc2)cc1,5.161150909262744,1
98,COc1cccc(C(C(=O)NCC2CCCO2)N(C(=O)Cn2nnc3ccccc32)c2ccc(NC(C)=O)cc2)c1,4.951092298516229,0
99,COc1ccc(C(C(=O)NCC2CCCO2)N(C(=O)Cn2nnc3ccccc32)c2ccc(NC(C)=O)cc2)cc1,5.0915149811213505,1
100,Cc1ccc(C(=O)c2c3ccccc3[n+]([O-])n2CCC(N)=O)cc1,5.028863370523194,1
101,NC(=O)CCn1c(C(=O)c2cc(Cl)c(N)c(Cl)c2)c2ccccc2[n+]1[O-],6.5054976921507315,1
102,NC(=O)CCn1c(C(=O)c2ccc(Cl)cc2)c2ccccc2[n+]1[O-],5.840968332518619,1
103,Cc1ccc(C(=O)c2c3ccc(C(F)(F)F)cc3[n+]([O-])n2CCC(N)=O)cc1,4.696242531646189,0
104,O=C1NC(=O)N(c2ccccc2F)C(=O)/C1=C/c1cn(CC(=O)N2CCOCC2)c2ccccc12,4.507421539361472,0
105,NC(=O)CCn1c(C(=O)c2cccc([N+](=O)[O-])c2)c2ccccc2[n+]1[O-],4.816701678924188,0
7,CC(C)(C)NC(=O)C(c1ccsc1)N(C(=O)Cn1nnc2ccccc21)c1ccc(NC(=O)C2CCCCC2)cc1,5.161150909262744,1
10,O=C(Nc1ccc(N(Cc2ccsc2)C(=O)Cn2nnc3ccccc32)cc1)C1CC1.O=C(O)C(F)(F)F,5.3872161432802645,1
13,CC(C)(C)NC(=O)C(c1cncnc1)N(C(=O)c1cnc[nH]1)c1ccc(C(C)(C)C)cc1.O=C(O)C(F)(F)F,5.384137808335741,1
14,CC(C)(C)NC(=O)C(c1cccnc1)N(C(=O)c1ccc(Cl)o1)c1ccc(C(C)(C)C)cc1.O=C(O)C(F)(F)F,4.5021308561857465,0
15,CC(C)(C)NC(=O)C(c1cccnc1)N(C(=O)c1ncco1)c1ccc(C(C)(C)C)cc1.O=C(O)C(F)(F)F,4.3260580013659125,0
16,CCC(C)c1ccc(N(C(=O)c2ccco2)[C@H](C(=O)NC(C)(C)C)c2cccnc2)cc1.O=C(O)C(F)(F)F,5.638272163982407,1
17,CC(=O)Nc1ccc(N(C(=O)Cn2nnc3ccccc32)C(C(=O)NC(C)(C)C)c2cccc(F)c2)cc1,5.200659450546418,1
18,CC(=O)Nc1ccc(N(C(=O)Cn2nnc3ccccc32)C(C(=O)NCc2ccccc2)c2cccc(F)c2)cc1,5.537602002101044,1
5,CC(C)C(=O)Nc1ccc(N(C(=O)Cn2nnc3ccccc32)C(C(=O)NCc2ccccc2)c2cccc(F)c2)cc1,4.950851231752651,0
6,O=C(Nc1ccc(N(C(=O)Cn2nnc3ccccc32)C(C(=O)NCc2ccccc2)c2cccc(F)c2)cc1)C1CC1,4.596793666832964,0
7,O=C(Nc1ccc(N(C(=O)Cn2nnc3ccccc32)C(C(=O)NCc2ccccc2)c2cccc(F)c2)cc1)C1CCC1,5.161150909262744,1
8,CC(C)(C)NC(=O)C(c1ccnnc1)N(C(=O)c1ccco1)c1ccc(C(C)(C)C)cc1,5.372871016388082,1
9,CC(C)(C)NC(=O)C(c1cnccn1)N(C(=O)c1ccco1)c1ccc(C(C)(C)C)cc1,4.877787213913532,0
10,CC(C)(C)NC(=O)C(c1ccncc1)N(C(=O)c1ccco1)c1ccc(C(C)(C)C)cc1.O=C(O)C(F)(F)F,4.346787486224656,0
11,Cn1cnc(C(=O)N(c2ccc(C(C)(C)C)cc2)C(C(=O)NC(C)(C)C)c2cccnc2)c1.O=C(O)C(F)(F)F.O=C(O)C(F)(F)F,5.0915149811213505,1
12,CC(C)(C)NC(=O)[C@H](c1cccnc1)N(C(=O)c1cnc[nH]1)c1ccc(C(C)(C)C)cc1.O=C(O)C(F)(F)F.O=C(O)C(F)(F)F,5.318758762624412,1
13,CC(C)(C)NC(=O)C(c1cccnc1)N(C(=O)c1ccco1)c1ccc(Cc2ccccc2)cc1.O=C(O)C(F)(F)F,5.384137808335741,1
14,CC(C)(C)NC(=O)[C@@H](c1cccnc1)N(C(=O)c1cnc[nH]1)c1ccc(C(C)(C)C)cc1.O=C(O)C(F)(F)F.O=C(O)C(F)(F)F,4.5021308561857465,0
5,CC(C)(C)c1ccc(N(Cc2cccnc2)C(=O)c2cnc[nH]2)cc1.O=C(O)C(F)(F)F.O=C(O)C(F)(F)F,4.950851231752651,0
6,CC(C)(C)NC(=O)C(c1cccnc1)N(C(=O)c1ccco1)c1ccc(I)cc1.O=C(O)C(F)(F)F,4.596793666832964,0
7,CC(C)(C)NC(=O)C(c1cccnc1)N(C(=O)c1ccco1)c1ccc(OCc2ccccc2)cc1.O=C(O)C(F)(F)F,5.161150909262744,1
8,CC(C)(C)NC(=O)C(c1cccnc1)N(C(=O)c1ccco1)c1ccc(-c2cccnc2)cc1.O=C(O)C(F)(F)F.O=C(O)C(F)(F)F,5.372871016388082,1
9,CC(C)(C)NC(=O)C(c1cccnc1)N(C(=O)c1ccco1)c1ccc(-c2cccc(F)c2F)cc1.O=C(O)C(F)(F)F,4.877787213913532,0
10,CC(C)(C)NC(=O)C(c1cccnc1)N(C(=O)c1ccco1)c1ccc(-c2cncnc2)cc1.O=C(O)C(F)(F)F,5.346787486224656,1
11,CC(C)(C)NC(=O)C(c1cccnc1)N(C(=O)c1ccco1)c1ccc(-c2cccn2C(=O)OC(C)(C)C)cc1.O=C(O)C(F)(F)F,5.0915149811213505,1
12,COc1cccc(Oc2ccc(N(C(=O)c3ccco3)C(C(=O)NC(C)(C)C)c3cccnc3)cc2)c1.O=C(O)C(F)(F)F,5.318758762624412,1
13,Cc1noc(C)c1-c1ccc(N(C(=O)c2ccco2)C(C(=O)NC(C)(C)C)c2cccnc2)cc1.O=C(O)C(F)(F)F,5.384137808335741,1
14,CC(C)(C)NC(=O)C(c1cccnc1)N(C(=O)c1ccco1)c1ccc(-c2ccccc2)cc1.O=C(O)C(F)(F)F,4.5021308561857465,0
