SMILES,tg
*C1COC2C1OCC2Oc1ccc(cc1)CNC(=O)CCCCCCC(=O)NCc1ccc(cc1)O*,21.58173134
*OC(CCC(OC(=O)Nc1ccc(cc1)Cc1ccc(cc1)NC(=O)*)C)C,63.5893379
*OC(=O)c1ccc(cc1)C(=O)OCCCC(=O)NCc1ccc(cc1)CNC(=O)CCC*,53.55726117
*OC(=O)NCCNC(=O)OCC*,5.896093021
*SCCCCC*,-55.37860961
*Oc1ccc(cc1)C(=O)OC(=O)c1ccc(cc1)OCCCCCC*,64.73496741
*c1[nH]c(cc1CC(=O)OCCCCCCCC)*,-4.076963699
*C(C*)(CC(=O)OCCCCCCCCCC)C(=O)OCCCCCCCCCC,75.04044311
*OCC1C(C1)C*,-28.98581149
*N(C(=O)CCCCCCCCCCCCCCCCC(=O)N(CCCCCC*)C)C,49.34222836
*O[Si](*)(CCC(C(C(C(C(C(F)(F)F)(F)F)(F)F)(F)F)(F)F)(F)F)C,-68.87734458
*S(=O)(=O)c1ccc(cc1)C(=O)CNc1ccc(cc1)NCC(=O)c1ccc(cc1)*,198.9026743
*S(=O)(=O)c1ccc(cc1)C(=O)NCCNC(=O)c1ccc(cc1)*,205.0712987
*c1cc2c(C(=O)N(C2=O)c2ccc(cc2)C(c2ccc(cc2)N2C(=O)c3c(C2=O)cc(cc3)C(=O)*)CCCCC)cc1,204.7640603
*NC(=O)C(=O)NCCCCCCCCCCNC(=O)CCCCCCCCC(=O)NCCCCCCCCCC*,82.2677155
*OC(=O)c1ccc(cc1)C(=O)OCCCCCCCCCCCCCCCCCCCC*,17.27783213
*Oc1ccc(cc1)C(=O)Oc1ccc(cc1)Cc1ccc(cc1)OC(=O)c1ccc(cc1)OC(=O)c1ccc(cc1)C(=O)*,88.16409459
*Oc1ccc(cc1)SSCCCCSSc1ccc(cc1)*,102.260186
*Oc1ccc(cc1)C(=O)Nc1c(cc(cc1)c1cc(c(cc1)NC(=O)c1ccc(cc1)OCCCCCC*)Cl)Cl,133.9866306
*c1c(cc(c(c1)C=Cc1ccc(cc1)OCCC(CCCC(C)C)C)C=C*)C=Cc1ccc(cc1)OCCC(CCCC(C)C)C,2.868925186
*c1ccc(cc1)C=C1C(=O)C(=Cc2ccc(cc2)C(=O)CCCCC(=O)*)CC1,197.4539358
*SC(=O)CCCCC(=O)SCc1ccc(cc1)c1ccc(cc1)C*,-14.32353196
*C(C*)(C(=O)OCCNC(=O)N(CC(C(C(OC1OC(C(C(C1O)O)O)CO)C(CO)O)O)O)CCCCCC)C,23.2402228
*Oc1ccc(cc1)OC(=O)c1cc(cc(c1)NC(=O)c1ccc(cc1)NC(=O)C(N1C(=O)c2c(C1=O)cccc2)C)C(=O)*,58.7319127
*OC(=O)Nc1ccc(cc1)C(=O)OCC1CCC(CC1)C*,148.8519878
*Nc1c(cccc1)NC(=O)c1ccc(cc1)C(=O)*,231.8080905
*C(C*)(C(=O)OCCCCCCOc1ccc(cc1)C(=O)Oc1ccc(cc1)OCCCCCC)C,14.67015775
*Oc1ccc(cc1)S(=O)(=O)c1c2c(ccc1)c(ccc2)S(=O)(=O)c1ccc(cc1)Oc1c(cc(c(c1C)C)c1c(c(c(c(c1)C)*)C)C)C,300.6954413
*OC(=O)NC1CCC(CC1)CC1CCC(CC1)NC(=O)OCC(C*)(C)C,15.9792949
*OC(=O)NCCCCCC(=O)OCCCC*,47.28425166
*N(c1c(cc(cc1)Cc1cc(c(cc1)N(C(=O)c1ccc(cc1)C(=O)*)CCC)C)C)CCC,179.9023847
*Nc1ccc(cc1)NC(=O)c1cc(cc(c1)NC(=O)C(CCSC)N1C(=O)c2c(C1=O)cccc2)C(=O)*,230.3191562
*N(c1c(cc(cc1)Cc1cc(c(cc1)N(C(=O)c1ccc(cc1)C(=O)*)C)C)C)C,167.9642319
*OC(=O)CCCCCCC(=O)OCCc1ccc(cc1)N1ON1c1ccc(cc1)CC*,17.91289325
*Oc1ccc(cc1)C(c1ccc(cc1)OC(=O)c1ccc(cc1)C(=O)*)(C(F)(F)F)C(F)(F)F,150.9011854
*c1ccc2[nH]c3c(c2c1)cc(cc3)*,246.5898577
*C(C*)C(=O)NCCCC,-84.72234668
*C(=C*)CCCCCCCCCCOc1ccc(cc1)c1ccc(cc1)OCC(CCCCCC)F,27.34580481
*NC(=O)NCCCCNC(=O)NCCCCCC*,60.10434296
*Oc1ccc(cc1)C(=Cc1ccc(cc1)OC(=O)OCCCCCOC(=O)*)C,39.38257392
*N1CCN(CC1)C(=O)CCN1CCN(CC1)CCC(=O)*,40.58060093
*c1c(cc(cc1)C#C*)SCCCCCCCCCCCC,53.41644401
*OC(=O)Nc1cc(ccc1)C(=O)OCCCCCCCCCC*,45.09440244
*Oc1c(cc(cc1)C(=O)*)CCCCCC,85.05865655
*Nc1ccc(cc1)NC(=O)C=CC(=O)*,115.1255691
*C(C*)(C(=O)OC(Oc1ccccc1)C)C,31.196908
*C(*)C,122.3867673
*N1C(=O)c2c(C1=O)cc(cc2)Oc1cc2c(C(=O)N(C2=O)c2c(c3c(C(CC3)(C)C)c(c2C)*)C)cc1,325.2939228
*Nc1ccc(cc1)C(=O)*,92.05287264
*C(=C*)C,4.023221393
*c1nc(nc(n1)Oc1c2c(ccc1C(=O)Oc1ccc(cc1)OC(=O)c1c(c3c(cc1)cccc3)O*)cccc2)N1CCCCC1,288.7077709
*OS(=O)(=O)c1ccc(cc1)Sc1ccc(cc1)S(=O)(=O)Oc1ccc(cc1)C1(CCCCC1)c1ccc(cc1)*,157.8104834
*c1c(c(c(c(c1Cl)Cl)CC*)Cl)Cl,56.1987128
*OC(=O)c1ccc(cc1)C(=O)OCCCC(=O)NCCCCCCNC(=O)CCC*,60.02078862
*c1c(c(cc(c1)*)C=Nc1ccc(cc1)F)O,-121.5212841
*N=C1C=CC(=NC2=CC(=O)C(=CC2=O)*)C=C1,212.9967182
*OC(=O)NCCSCCCCCSCCNC(=O)OCC1CCC(CC1)C*,77.84678315
*OS(=O)(=O)c1ccc(cc1)Oc1ccc(cc1)S(=O)(=O)Oc1ccc(cc1)C1(CCCCC1)c1ccc(cc1)*,149.9071313
*c1nc(nc(n1)Oc1cc2c(cc1)cc(cc2)C(=O)Oc1c(cccc1)OC(=O)c1cc2c(cc1)cc(cc2)O*)N1CCN(CC1)C,54.90728348
*OC(=O)CC(=O)OCC*,-90.52916041
*OC(=O)CCCCCCCC(=O)OCC(C*)(C)C,17.01342593
*OC(=O)Nc1ccc(cc1)Cc1ccc(cc1)NC(=O)OCCN(CC*)CCCC(=O)Nc1ccc(cc1)N=Nc1ccccc1,-32.25789051
*[Si](*)(CCCCCC)CCCCCC,-11.37918107
*c1n(c(cc1)C=C*)CCCCCC,-15.03969582
*NC1CC(CC(C1)(CNC(=O)c1cc(cc(c1)NC(=O)c1ccc(cc1)NC(=O)C(CC(C)C)N1C(=O)c2c(C1=O)cccc2)C(=O)*)C)(C)C,195.2683571
*Nc1cc(cc(c1)C(=O)Nc1ccccc1)NC(=O)c1cc(ccc1)C(=O)*,233.599405
*c1cc2c(C(=O)N(C2=O)c2ccc(cc2)N2C(=O)c3c(C2=O)cc(cc3)C(=O)Oc2ccc(cc2)OC(=O)*)cc1,-71.68107141
*OC(=O)CCCCCC(=O)OCCC*,-71.28231613
*N1C(=O)C(CC1=O)SCCOCCSC1C(=O)N(C(=O)C1)c1ccc(cc1)C(=O)OCCCCCCOC(=O)c1ccc(cc1)*,19.42674542
*NC(=O)CCCCCCCCC(=O)NCCCP(CCC*)c1ccccc1,56.20366062
*c1nc2c([nH]1)cc(cc2)S(=O)(=O)c1cc2c(nc([nH]2)c2ccc(cc2)Oc2ccc(cc2)*)cc1,315.1120806
*C(C*)(C(=O)OCCCCCCOc1ccc(cc1)C=Nc1ccc(cc1)CCCC)C,12.41121342
*Oc1ccc(cc1)Oc1ccc(cc1)NC(=O)c1cc(cc(c1)N1C(=O)c2c(C1=O)c(c(c(c2Cl)Cl)Cl)Cl)C(=O)Nc1ccc(cc1)*,315.5911196
*c1ccc(cc1)/C=C/c1c(cc(c(c1)CCCCCC)/C=C/*)CCCCCC,51.04706134
*Oc1ccc(cc1)OC(=O)*,105.0499992
*C1(c2c(C(=O)O1)cccc2)c1ccc(cc1)NC(=O)c1ccc(cc1)C(=O)Nc1ccc(cc1)*,292.5925873
*c1c(cc(c(c1)OCCOCCOCCOCCC(=O)O[Na])C#Cc1c(cc(c(c1)OC(COCCOCCOCCOC)COCCOCCOCCOC)C#C*)OC(COCCOCCOCCOC)COCCOCCOCCOC)OCCOCCOCCOCCC(=O)O[Na],-43.36051195
*N(CC*)C(=O)CCCCCCCC,-49.55374382
*c1cc2c(C(=O)N(C2=O)c2ccc(cc2)c2ccc(cc2)c2ccc(cc2)N2C(=O)c3c(C2=O)cc(cc3)C(=O)*)cc1,232.2309602
*n1c(=O)c2cc3c(cc2c1=O)c(=O)n(c3=O)CCCCCC(=O)Oc1cc2c(cc1)cc(cc2)OC(=O)CCCCC*,-10.30414379
*NC(=O)CCP(CCC(=O)NCCCCCC*)c1ccccc1,9.575432391
*c1cc2C(c3c(c2cc1)ccc(c3)c1cc2C(c3c(c2cc1)ccc(c3)*)(CCCCCCCCCCCC)CCCCCCCCCCCC)(CCCCCCCC)CCCCCCCC,37.51200969
*C1OC(=O)C(C1)CCC1C(=O)OC(C1)CCCCCCCCCC*,84.1573412
*C(C*)C(=O)OC(CC(C)C)C,11.47675289
*OC(C*)COc1ccc(cc1)C,-55.31696784
*N(C(=O)CCCCCCCCCCCCCCC(=O)N(Cc1ccc(cc1)C*)C)C,-14.32362541
*C1OC(OC(C1)*)O,136.0523749
*c1c(cc(c(c1)OCCCCCCCCCC)c1ccc(cc1)*)OCCCCCCCCCC,61.07976291
*c1c2c(nccc2)c(cc1)OCCOc1c2ncccc2c(cc1)C*,74.04018308
*NC(CC(=O)*)C(=O)OCCCCCC,0.713924343
*Oc1c(cc(cc1)OC(=O)c1ccc(cc1)OC(=O)c1ccc(cc1)C(=O)Oc1ccc(cc1)C(=O)*)C,81.15934241
*n1c(=O)c2ccc3c(=O)n(c(=O)c4ccc(c1=O)c2c34)CCCCCCCCCCCC*,101.4116865
*Oc1c(cc(cc1)C=C1C(=O)C(=Cc2cc(c(cc2)OC(=O)c2ccc(cc2)C(=O)*)OC)CCC1)OC,105.2246285
*Nc1ccc(cc1)NC(=O)C1C(C(=CC(C1)C(C(=O)*)CC(=O)O)C)C(=O)O,149.7687276
*Oc1ccc(cc1)OC(=O)c1c(cccc1)C=Cc1ccc(cc1)C=Cc1c(cccc1)C(=O)*,86.85824281
*OC(=O)c1ccc(cc1)NC(=O)CCCCCCCCCCC(=O)Nc1ccc(cc1)C(=O)OCC*,14.08686284
*OC(=O)N(c1ccc(cc1)N(C(=O)OCC(C*)CCCCCCOc1ccc(cc1)c1ccc(cc1)C#N)C)C,78.11061669
*C1C(C(C(C1)C=C*)C(=O)OCCCCCOc1ccc(cc1)c1ccc(cc1)C#N)C(=O)OCCCCCOc1ccc(cc1)c1ccc(cc1)C#N,27.68661296
*C#CC(=C(*)CCCCOC(=O)NCCCCCC)CCCCOC(=O)NCCCCCC,5.219913288
*c1ccc(cc1)/C=C/*,43.3930774
*c1nc2c([nH]1)ccc(c2)c1ccc2c(nc([nH]2)c2ccc3S(=O)(=O)c4c(c3c2)cc(cc4)*)c1,355.5073659
*n1c(=O)c2cc3c(cc2c1=O)c(=O)n(c3=O)c1ccc(cc1)C(c1ccc(cc1)*)C,307.2645731
*Oc1c(cc(c(c1)OC(=O)c1ccc(cc1)C=Nc1cc(c(cc1)OCCCCCCOc1c(cc(cc1)N=Cc1ccc(cc1)C(=O)*)Cl)Cl)Cl)Cl,82.06188226
*c1ccc2n(c3c(c2c1)cc(cc3)/C=C/c1ccc(cc1)Oc1c(cc(cc1)c1ccc(cc1)c1ccc(cc1)c1cc(c(cc1)Oc1ccc(cc1)/C=C/*)C(F)(F)F)C(F)(F)F)CC(CCCC)CC,187.4626146
*Oc1ccc(cc1)Oc1ccc(cc1)C(=Nc1ccc(cc1)Oc1ccc(cc1)N=C(c1ccc(cc1)*)C)C,117.5082044
*Oc1ccc(cc1)NC(=O)NCCCCCCNC(=O)*,122.4088725
*C(C*)OC(=O)CC(=O)C,9.819405608
*Oc1c(cc(cc1)OC(=O)c1ccc(cc1)OCCOc1ccc(cc1)C(=O)*)C,68.01369706
*Oc1ccc(cc1)OC(=O)c1ccc(cc1)NC(=O)c1ccc(cc1)C(=O)*,176.5386789
*N1C(=S)SC(=CC=C2SC(=S)N(C2=O)CC*)C1=O,164.0140939
*C1NC(=O)C(NC1=O)CCC(=O)OCCCC=CCCCOC(=O)CC*,25.37727633
*Oc1ccc(cc1)N=Cc1cc(c(cc1)OC(=O)CCCCC(=O)Oc1c(cc(cc1)C=Nc1ccc(cc1)*)OC)OC,47.38250675
*c1n(c(nn1)c1ccc(cc1)c1ccc(cc1)c1n(c(nn1)COc1ccc(cc1)C=C1C(=O)C(=Cc2ccc(cc2)OC*)CC1)c1ccccc1)c1ccccc1,140.326419
*N1CCN(CC1)C(=O)C1C(C1)C(=O)*,100.5840527
*C(=C*)c1c(sc(c1)C(F)(F)F)C(F)(F)F,54.57900551
*N1C(=O)c2c(C1=O)cc(cc2)c1cc2c(C(=O)N(C2=O)c2ccc(cc2)c2ccc(cc2)*)cc1,421.9822435
*c1cc2c(C(=O)N(C2=O)c2c(c(c(c(c2F)F)N2C(=O)c3c(C2=O)cc(cc3)C(*)(C(F)(F)F)C(F)(F)F)F)F)cc1,388.0137456
*C#CC(=C(*)OS(=O)(=O)c1ccc(cc1)C)OS(=O)(=O)c1ccc(cc1)C,164.1018919
*OC(=O)CCC(=O)OCCOCCOCC*,14.21396213
*Oc1ccc(cc1)C(c1ccc(cc1)OC(=O)c1cc(ccc1)C(=O)*)(CC)C,194.1629808
*n1c(=O)c2c(c3c(cc2c1=O)c(=O)n(c3=O)CCCCCCCCCC*)Br,137.1087261
*C(C*)(C(=O)OCCCCCCCCOC(=O)OC1CC2=CCC3C(CCC4(C(CCC34)C(CCCC(C)C)C)C)C2(CC1)C)C,47.48888608
*OC(=O)CCCCCCCC(=O)OCCCCCCCCC*,3.667443154
*Oc1ccc(cc1)c1c(cc(c(c1)OCCCCCC)c1ccc(cc1)OC(=O)c1ccc(cc1)C(=O)*)OCCCCCC,81.55306128
*c1c2c(nccc2)c(cc1)CC*,70.93028064
*c1n(c(cc1)CCC(=O)OC(=O)CC*)C,78.11959859
*N1C(=O)C2OC3C(C2C1=O)C(=O)N(C3=O)c1ccc(cc1)c1c(nc2c(n1)cc(cc2)S(=O)(=O)c1cc2c(nc(c(n2)c2ccc(cc2)*)c2ccccc2)cc1)c1ccccc1,373.476202
*c1oc(cc1)Sc1oc(cc1)C=C1C(=O)C(=C*)CC1,102.2883172
*Oc1c(c(ccc1)Oc1ccc(cc1)Nc1ccc(cc1)Nc1ccc(cc1)Nc1ccc(cc1)Nc1ccc(cc1)*)C(=O)Nc1ccc(cc1)N=Nc1ccccc1,238.4094841
*=C=C=C(C(=*)CO)CO,42.01413885
*c1oc(cc1)Sc1oc(cc1)C=NCCN=C*,95.6213855
*NC(=O)/C=C/CC/C=C/C(=O)NCCCCCC*,2.127453311
*Nc1c(cc(c(c1)SCCC#N)NC(=O)c1ccc(cc1)C(=O)*)SCCC#N,214.7483216
*c1c(cc(cc1)CC*)C(=O)C,8.997925789
*Oc1ccc(cc1)C(=O)c1ccc(cc1)Oc1ccc(cc1)C(=O)c1ccc(cc1)C(=O)c1ccc(cc1)*,138.8344532
*c1sc(nn1)c1cc(ccc1)OCCCCCCCCCCCOC(=O)CCCCC(=O)OCCCCCCCCCCCOc1cc(ccc1)*,35.51374296
*Nc1c(cc(c(c1)OC)*)OC,168.2573371
*SCSCCCC*,1.410869343
*c1nc(sc1)NC(=O)NCCCCCCNC(=O)Nc1nc(cs1)c1ccc(cc1)C=C1C(=O)C(=Cc2ccc(cc2)*)CCC1,47.02441211
*N(CC*)C(=O)c1ccc(cc1)C,87.3045689
*n1c(=O)c2cc3c(cc2c1=O)c(=O)n(c3=O)CCCCCC(=O)Oc1ccc(cc1)c1ccc(cc1)OC(=O)CCCCC*,60.41501019
*Oc1c(c(c(c(c1[2H])[2H])C(c1c(c(c(c(c1[2H])[2H])OC(=O)*)[2H])[2H])(C([2H])([2H])[2H])C([2H])([2H])[2H])[2H])[2H],230.9913822
*Oc1ccc(cc1)Oc1ccc(cc1)Oc1ccc(cc1)c1ccc(cc1)Oc1ccc(cc1)Oc1ccc(cc1)Oc1c(cc(cc1)C(=O)c1cc(c(cc1)*)S(=O)(=O)O)S(=O)(=O)O,151.7193386
*c1c2c(nsn2)c(cc1)c1sc(c(c1)CCCCCC)C=Cc1sc(c(c1CCCCCC)CCCCCC)C=Cc1sc(cc1CCCCCC)*,17.9542177
*N1C(=O)c2c(C1=O)c(ccc2)c1cc2c(C(=O)N(C2=O)c2ccc(cc2)C(=O)Nc2ccc(cc2)Oc2ccc(cc2)Oc2ccc(cc2)NC(=O)c2ccc(cc2)*)cc1,178.6163373
*c1cc2n(c3c(c2cc1CCCCCC)cc(c(c3)C=C*)CCCCCC)CCCCCCCC,45.45691415
*C#CC(=C(*)c1cncnc1)CCCCOC(=O)NCC(=O)OCCCC,73.99227071
*OC(=O)c1ccc(cc1)C(=O)NCCCNC(=O)c1ccc(cc1)C(=O)OCCCCCCCCCC*,76.72929425
*Oc1ccc(cc1)S(=O)(=O)c1ccc(cc1)Oc1c(cc(cc1)C(c1cc(c(cc1)*)[N-][N+]#N)(C)C)[N-][N+]#N,181.1592195
*c1sc(cc1CCCCCCCC)c1sc(cc1CCCCCC(C(C(C(F)(F)F)(F)F)(F)F)(F)F)*,6.476080227
*c1c2C(=O)N(C(=O)c2c(c2ccccc12)c1ccc(cc1)Oc1ccc(cc1)S(=O)(=O)c1ccc(cc1)Oc1ccc(cc1)*)c1c(cccc1)F,314.5599695
*NC(=O)CCCCCCCCCCC(=O)NCC1CC(CCC1)C*,26.18556129
*Nc1ccc(cc1)NC(=O)c1cc(cc(c1)C(C(C(C(F)(F)F)(F)F)(F)F)(F)F)C(=O)*,235.6895845
*c1c(cc(c(c1)O)O)*,158.9171015
*Oc1ccc(cc1)C(=Cc1ccc(cc1)OCCCCCCC*)C,36.76976951
*C(=C(*)C)[Si](CC)(C)C,157.1009863
*OC(=O)CCCCCCCC(=O)*,-68.69432556
*OC(=O)c1ccc(cc1)NC(=O)CCCCCCCCCCC(=O)Nc1ccc(cc1)C(=O)OCCCCCCCCCCCC*,-26.12929226
*c1c(cc(c(c1)OCCCCCCCCCC)*)OCCCCCCCCCC,5.423112055
*C(C(=O)*)(C)C,105.8292511
*C#CC(=C(*)Cn1c2ccc(cc2c2cc(ccc12)CCCCCCCCCCCCCCCC)CCCCCCCCCCCCCCCC)Cn1c2ccc(cc2c2cc(ccc12)CCCCCCCCCCCCCCCC)CCCCCCCCCCCCCCCC,-2.237818484
*C(C*)CCCC(C)C,5.980301023
*N1C(=O)C(CC1=O)Oc1ccc(cc1)N=Cc1ccc(cc1)OC1C(=O)N(C(=O)C1)c1ccc(cc1)Oc1ccc(cc1)*,154.6342574
*c1nc(nc(n1)Oc1c(cccc1)C(=O)Oc1ccc(cc1)OC(=O)c1c(cccc1)O*)N(CC)c1ccccc1,146.7365026
*c1nc2c(n1CCCS(=O)(=O)O)ccc(c2)c1ccc2c(nc(n2CCCS(=O)(=O)O)c2cc(ccc2)*)c1,208.6363648
*OC(=O)C1C(=O)CC(C(=O)C1)C(=O)OCCCCCC*,-36.66445232
*Oc1ccc(cc1)C(c1ccc(cc1)Oc1ccc(cc1)C(=O)c1ccc(cc1)*)c1c(cccc1)C(=O)O[Na],169.1341304
*N(C(=O)CCCCCCCCCCCCCCCCC(=O)N(Cc1ccc(cc1)C*)CC)CC,4.279694171
*c1nc(nc(n1)Oc1ccc(cc1)C(c1ccc(cc1)O*)(C)C)OC,121.2094568
*OC(=O)NCc1ccc(cc1)CNC(=O)OCCCCCCCC*,-25.31417235
*NC(=O)CCCCCCCC(=O)NCCCCCCCCC*,9.904824538
*N1C(=O)c2c(C1=O)cc(cc2)Oc1cc2c(C(=O)N(C2=O)c2cc(ccc2)Oc2ccc(cc2)S(=O)(=O)c2ccc(cc2)Oc2cc(ccc2)*)cc1,199.6619548
*c1n(c(cc1)*)CC,112.6054346
*OC(=O)CCCCS(=O)(=O)CCCCC(=O)OCCCCCCCCCC*,37.87494117
*c1cc2c(C(=O)N(C2=O)c2ccc(cc2)Oc2ccc(cc2)N2C(=O)c3c(C2=O)cc(cc3)C(=O)N2C3(C(=O)N(C2=O)C(=O)*)CCCCC3)cc1,277.0792131
*C(=C*)c1c(cccc1)C,261.6623551
*Oc1cc2C(c3c(c2cc1)ccc(c3)Oc1ccc(cc1)c1c2cc(ccc2c(c2ccccc12)c1ccc(cc1)*)CCC)(c1ccc(cc1)N(c1ccccc1)c1ccccc1)c1ccc(cc1)N(c1ccccc1)c1ccccc1,187.3941077
*SC(=O)CCCCC(=O)SCC*,-21.91188888
*OC(CC*)(C(F)(F)F)C(F)(F)F,-8.026293088
*C(C(*)c1ccccc1)[N+](=O)[O-],173.9913454
*N1C(=O)c2c(C1=O)cc(cc2)C(c1cc2c(C(=O)N(C2=O)CC(=O)NNC(=O)c2ccc(cc2)C(=O)NNC(=O)C*)cc1)(C(F)(F)F)C(F)(F)F,226.7602549
*C(C*)CCCCCCCCCCCCCCCCCCCC,21.77937998
*OS(=O)(=O)c1ccc(cc1)Oc1ccc(cc1)S(=O)(=O)Oc1ccc(cc1)c1ccc(cc1)*,190.021745
*SCCCCCC(=O)NCCc1ccc(cc1)CCNC(=O)CCCCC*,-18.01175462
*N1CCC(CC1)C(=O)c1c(cc(cc1)C(=O)N1CCC(CC1)CCC*)Oc1ccccc1,131.1821319
*C(C(CC*)(F)F)(Cl)F,-41.84388225
*n1c(=O)c2cc3c(cc2c1=O)c(=O)n(c3=O)CC(=O)OCCCCCCOC(=O)C*,55.49864746
*c1oc(cc1)Sc1oc(cc1)C=Nc1cc(ccc1)N=C*,122.5813993
*C(C*)S(=O)c1ccccc1,137.9705527
*OC(=O)c1cc(c(cc1)C(=O)Nc1ccc(cc1)C(c1ccc(cc1)C(c1ccc(cc1)NC(=O)c1c(ccc(c1)C(=O)OCCN(CC*)CCCCOc1ccc(cc1)N=Nc1ccc(cc1)CCCCCC)C(=O)O)(C)C)(C)C)C(=O)O,82.18427933
*=C=C=C(C(=*)COC(=O)NCC)COC(=O)NCC,172.0633872
*Oc1ccc(cc1)c1ccc(cc1)OCCCCCCOC(=O)Nc1c(ccc(c1)NC(=O)OCCCCOC(=O)Nc1cc(c(cc1)C)NC(=O)OCCCCCC*)C,41.49405569
*c1sc(c(c1C#N)C#N)N=Cc1ccc(cc1)C=N*,204.4271705
*c1cc2c(C(=O)N(C2=O)c2ccc(cc2)Oc2ccc(cc2)Oc2ccc(cc2)Oc2ccc(cc2)N2C(=O)c3c(C2=O)cc(cc3)C(=O)*)cc1,126.2551791
*c1cc2c(C(=O)N(C2=O)c2cc(ccc2)P(=O)(c2cc(ccc2)N2C(=O)c3c(C2=O)cc(cc3)C(=O)N2C(=O)N(C(=O)C2(C)C)C(=O)*)c2ccccc2)cc1,138.7903633
*OCOCCCCCC*,-41.68464364
*Oc1ccc(cc1)OC(=O)c1c(cc(c(c1)OCCCCCCCCCCCCCCCC)C(=O)*)OCCCCCCCCCCCCCCCC,77.98044592
*c1sc(cc1)/C=C/c1ccc(cc1)N(c1ccc(cc1)N(c1ccc(cc1)/C=C/c1sc(cc1)/C=C(/C(=O)Nc1cc(ccc1)NC(=O)/C(=C/*)/C#N)\C#N)c1ccccc1)c1ccccc1,243.9892983
*N(c1ccc(cc1)Cc1ccc(cc1)N(C(=O)c1ccc(cc1)C(=O)*)CCC)CCC,173.7390032
*Oc1ccc(cc1)C(c1ccc(cc1)OCC#CC#CC*)(C)C,48.046331
*NC(=O)C(C(C(=O)NCCCCCC*)O)O,149.1553302
*NC(=O)CCCCCC(=O)NCc1ccc(cc1)C*,61.73836642
*Nc1c(c(c(cc1)*)Cl)Cl,115.5762842
*NC(=O)C(C(=O)NCCCCCCCCCC*)CCCCCCCCCCCC,-0.868265132
*N1C(=O)c2c(C1=O)c(c(c(c2F)F)Oc1c(c(c(c(c1F)F)Oc1c(c2c(C(=O)N(C2=O)c2ccc(cc2)Oc2ccc(cc2)*)c(c1F)F)F)F)F)F,283.2696326
*C1(c2c(C(=O)O1)cccc2)c1cc(c(c(c1)Br)OC(=O)c1cc(ccc1)C(=O)Oc1c(cc(cc1Br)*)Br)Br,245.9668197
*OC(=O)CCCCSCCCCC(=O)OCCCCCCCCCC*,-22.30064955
*OC(=O)c1c(cccc1)C(=O)OCc1ccc(cc1)C*,95.33964688
*C=CCC(CC*)(C(=O)OC)C,-28.15217408
*O[Si](*)(CCCCCOc1ccc(cc1)OC(=O)c1ccc(cc1)OCCCC)C,-64.12566312
*Nc1ccc(cc1)CCc1ccc(cc1)NC(=O)c1ccc(cc1)C(=O)*,245.2414672
*=NN=CC#C[Si](C#CC=*)(c1ccccc1)c1ccccc1,131.2577432
*Oc1ccc(cc1)C(=O)OCCOCCOCCOC(=O)c1ccc(cc1)OC(=O)Nc1c(ccc(c1)NC(=O)*)C,100.4455143
*Oc1ccc(cc1)c1ccc(cc1)OC(=O)c1c(cc(cc1)C(=O)*)Oc1ccc(cc1)C(c1ccccc1)(C)C,135.0490958
*OC(=O)NCCSCCCCCSCCNC(=O)OCCCC*,3.000872148
*Oc1cc(ccc1)OC(=O)c1cc(c(c(c1)C(C)(C)C)OC(=O)c1ccc(cc1)C(=O)Oc1c(cc(cc1C(C)(C)C)C(=O)*)C(C)(C)C)C(C)(C)C,135.2011857
*Oc1ccc(cc1)C(c1ccc(cc1)OC(=O)*)(CCCC)C,118.8361345
*c1cc2n3c(nc2cc1)c1ccc(cc1C3=O)Oc1cc2c3n(c4ccc(cc4n3)O*)C(=O)c2cc1,291.281809
*Oc1c(cc(cc1)OC(=O)Oc1ccc(cc1)OC(=O)*)C,120.5520321
*N1C(=O)c2c(C1=O)c(ccc2)c1cc2c(C(=O)N(C2=O)c2ccc(cc2)OCCCCCCCCCOc2ccc(cc2)*)cc1,47.98864595
*C1OC(CO1)COCC1OC(OC1)CCCCCCCC(=O)OCCOC(=O)CCCCCCC*,-2.553202642
*Oc1ccc(cc1)Oc1ccc(cc1)Oc1ccc(cc1)OC(=O)c1ccc(cc1)C(=O)*,136.3718208
*C(C(=O)C*)c1ccc(cc1)C,67.57313464
*C(C*)C(=O)OCC1(COC(OC1)(C)C)C,95.74104893
*Oc1c(cc(cc1)C=C1C(=O)C(=Cc2cc(c(cc2)OCCCC*)OC)CC1)OC,36.19808899
*N=C1c2ccccc2C(=Nc2ccc(cc2)*)c2ccccc12,158.2579262
*NC(=O)CCCCCCCCCCCCCCCC*,15.38660594
*Nc1cc(ccc1)NC(=O)CCCCCC(=O)*,-12.07623639
*c1cc2c(cc1)cc(cc2)*,239.5402998
*c1ncc(cc1)c1ccc(nc1)*,138.2497069
*C(C*)n1c2ccc(cc2c2cc(ccc12)Br)Br,115.6170166
*c1cc2c(C(=O)N(C2=O)c2ccc(cc2)Oc2ccc(cc2)N2C(=O)c3c(C2=O)cc(cc3)c2ccc(cc2)c2ccc(cc2)*)cc1,357.2965065
*c1cc2c(C(=O)N(C2=O)c2ccc(cc2)c2ccc(cc2)c2ccc(cc2)N2C(=O)c3c(C2=O)cc(cc3)C(*)(C(F)(F)F)C(F)(F)F)cc1,302.652739
*OC(=O)NC1C(C1)NC(=O)OCCCC*,47.31586772
*Oc1ccc(cc1)S(=O)(=O)c1ccc(cc1)Oc1c(cc(cc1C)C1C(CC(CC1)C(c1cc(c(c(c1)C)*)C)(C)C)C)C,250.477212
*C1C(=O)N(C(=O)C1*)c1ccccc1,197.1821336
*[Si](c1ccc(cc1)*)(C)C,126.7080905
*Nc1c(c(c(c(c1[2H])[2H])*)[2H])[2H],235.370823
*C1c2c(C(C=C1)C=C*)cc(cc2)CCCCCC,9.704073219
*c1ccc2n(c3c(c2c1)cc(cc3)/C=C/c1ccc(cc1)Oc1c(cc(cc1)c1ccc(cc1)c1ccc(cc1)c1cc(c(cc1)Oc1ccc(cc1)/C=C/*)C#N)C#N)CC(CCCC)CC,129.2206103
*c1sc(c(c1OCCCCCCC)C)*,32.04437108
*OC(=O)C(=O)OCCCCCCCCCC*,-65.08541819
*C=CC(C(*)C)C,78.17880502
*N1C(=O)c2c(C1=O)cc(cc2)Oc1cc2c(C(CC2(C)C)(c2ccc(cc2)Oc2cc3c(C(=O)N(C3=O)c3cc(ccc3)N3C(=O)c4c(C3=O)cc(cc4)Oc3ccc(cc3)C3(CC(c4c3cc(cc4)Oc3cc4c(C(=O)N(C4=O)c4cc(ccc4)*)cc3)(C)C)C)cc2)C)cc1,231.956044
*=C1SC(=S)N(C1=O)c1ccc(cc1)N1C(=S)SC(=Cc2ccc(cc2)C=*)C1=O,187.1036635
*Nc1c(cc(c(c1)C(=O)O)*)OC,93.18891585
*NNC(=O)CCCCC(=O)NNC(=O)CCCCCCCC(=O)*,101.0022623
*n1c(=O)c2sc3c(sc2c1=O)c(=O)n(c3=O)c1ccc(cc1)C(=O)Nc1ccc(cc1)NC(=O)c1ccc(cc1)*,327.2441987
*C1CC(CC1)C*,42.35931484
*Nc1ccc(cc1)NC(=O)c1c(cc(c(c1)C(=O)O)C(=O)*)C(=O)O,240.3936293
*NNC(=O)c1cc(ccc1)C(=O)*,232.2266265
*c1sc(c(c1CCCCCCCCCCCC)CCCCCCCCCCCC)c1sc(cc1)c1sc(cc1)*,14.60597757
*C(C*)C(=O)NCC,55.10481694
*Oc1c(cc(cc1C(C)(C)C)C(=O)*)C(C)(C)C,206.7951116
*OS(=O)(=O)c1ccc(cc1)c1ccc(cc1)S(=O)(=O)Oc1c(cc(cc1Br)C1(CCCCC1)c1cc(c(c(c1)Br)*)Br)Br,268.4647521
*C(C*)C(=O)NCCCCCCCCCCCC,21.73577755
*N(c1ccc(cc1)*)CCCCCC,-128.6299242
*Oc1c(cc(cc1)C(c1cc(c(cc1)OC(=O)c1cc(ccc1)C(=O)*)[N+](=O)[O-])(CCC(=O)O)C)[N+](=O)[O-],127.0784722
*c1ncc(cc1)C(=O)NNC(=O)*,135.1836518
*c1n(c(cc1)*)C(C(=O)NO)n1ccc2c1cccc2,180.3082327
*N=Nc1ccc(cc1)*,144.6951233
*c1sc2c(c1)sc(c2)c1sc(cc1CCCCCCCCCCBr)c1sc(c(c1)CCCCCCCCCCBr)*,24.95900908
*C(CC(C*)c1ccccc1)(C(=O)OC)C#N,127.0156605
*=C=C=C(C(=*)COS(=O)(=O)c1ccc(cc1)OC)COS(=O)(=O)c1ccc(cc1)OC,55.30555285
*c1c(cc(c(c1)OCCCCCCCCCC)C#C*)OCCCCCCCCCC,61.85443636
*OCCCC(=O)NCCCCCCNC(=O)CCCCCC*,1.467345964
*c1cncc(c1)C(=O)NCCCCCCCCCCNC(=O)*,85.60365033
*C(C(C(C(*)(F)F)(F)F)(F)F)(C(F)(F)F)F,-86.88823628
*Oc1cc(ccc1)C(=O)NNC(=O)c1cc(ccc1)C(=O)NNC(=O)CC*,234.2133464
*Oc1cc(ccc1)NC(=O)c1ccc(cc1)C(c1ccc(cc1)C(=O)Nc1ccc(cc1)*)(C(F)(F)F)C(F)(F)F,157.6228264
*c1n(c(nn1)CCCCCCCC*)N,-41.92176029
*c1nc2c([nH]1)cc(cc2)c1cc2c(nc([nH]2)c2ccc(cc2)NC(=O)c2ccc(cc2)C(=O)Nc2ccc(cc2)*)cc1,358.667269
*Nc1c(cc(cc1Cl)*)Cl,-0.214281278
*c1ccc2n(c3c(c2c1)cc(cc3)N=Cc1sc(cc1)c1sc(cc1)C=N*)CCCCCC,95.07860424
*N1C2(CCCC2)C(=O)N(C1=O)C(=O)c1ccc(cc1)N=Nc1ccc(cc1)C(=O)*,17.25361376
*P(=Nc1ccc(cc1)N=P(CC*)(Cl)Cl)(Cl)Cl,-27.34500252
*Nc1c(cc(c(c1)SCCC#N)NC(=O)c1cc(ccc1)C(=O)*)SCCC#N,38.16065966
*C(C*)(c1ccc(cc1)OC(=O)CC)OC(=O)C,2.162388076
*C1C(=O)N(C(=O)C1C(C*)c1ccccc1)CCCCCCCC,105.6965321
*c1sc2cc3c(cc2n1)sc(n3)CCCCC*,87.36313445
*NC(C(=O)*)CCC(=O)OCCCCCCCCCCCC,30.09586697
*NC(C(=O)*)CO,84.57547927
*Nc1c(cccc1)NC(=O)CCCCCCC(=O)*,71.92438381
*Oc1c(cc(cc1)C=Cc1ccc(cc1)C=Cc1cc(c(cc1)OC(=O)CCCCCCCCC(=O)*)C)C,35.47523522
*c1c2c(nccn2)c(cc1)*,216.378732
*Oc1ccc(cc1)Oc1ccc(cc1)C(=O)Nc1ccc(cc1)Oc1ccc(cc1)c1ccc(cc1)Oc1ccc(cc1)NC(=O)c1ccc(cc1)*,165.0428244
*OP(=O)(OCCCCCCCCCCOc1ccc(cc1)C=Cc1ccc(cc1)OCCCCCCCCCC*)OCCCCCCCCCCOc1ccc(cc1)N=Nc1ccc(cc1)F,-7.2122695
*c1cc2c(C(=O)N(C2=O)c2ccc(cc2)OCCCOc2ccc(cc2)N2C(=O)c3c(C2=O)cc(cc3)C(=O)Nc2ccc(cc2)S(=O)(=O)c2ccc(cc2)NC(=O)*)cc1,163.1829015
*OC(=O)c1ccc(cc1)C(=O)NCCCCCCNC(=O)c1ccc(cc1)C(=O)OCCCCCCCCCC*,-20.66610996
*NNC(=O)c1ccc(cc1)NC(=O)c1cc(cc(c1)N1C(=O)c2c(C1=O)c(c(c(c2Cl)Cl)Cl)Cl)C(=O)*,133.1528291
*N=P(*)(OCCC(=O)C=C)OCCC(=O)C=C,-42.12432011
*S(=O)(=O)c1ccc(cc1)c1ccc(cc1)*,229.0539301
*c1cc2c(C(=O)N(C2=O)c2ccc(cc2)S(=O)(=O)c2ccc(cc2)N2C(=O)c3c(C2=O)cc(cc3)C(=O)N2C(=O)N(C(=O)C2(CC)C)C(=O)*)cc1,242.6534046
*OP(=O)(OCCCCCCCCCCOc1ccc(cc1)C=Cc1ccc(cc1)OCCCCCCCCCC*)OCCCCCCCCCCOc1ccc(cc1)N=Nc1ccc(cc1)C,5.817024886
*NC(CCCCNC(=O)NCCCCNC(=O)*)C(=O)OC,0.336556425
*C(=C*)c1nc2c(n1C)cccc2,-6.104199835
*Oc1ccc(cc1)N=Nc1ccc(cc1)*,116.9759489
*c1nc(nc(n1)NC(=O)c1c(cc(c(c1)C(=O)N*)C(=O)O)C(=O)OC(=O)Nc1c(ccc(c1)NC(=O)OCCCCCCCC)C)c1ccccc1,-1.691479041
*c1[nH]c2cc3c(cc2n1)nc([nH]3)c1ccc(cc1)*,340.5865983
*OC(=O)Cc1ccc(cc1)CC(=O)OCCCC*,-34.10658315
*SC(=O)NCCCCCCNC(=O)SCCCC*,-33.13797704
*c1c(cc(c(c1)OC)*)OC,63.90036252
*N(CC*)C(=O)CCC(C(C(C(C(C(F)(F)F)(F)F)(F)F)(F)F)(F)F)(F)F,-52.64825421
*OC(=O)c1c(cccc1)NC(=O)c1ccc(cc1)C(=O)Nc1c(cccc1)C(=O)OC(=O)c1cc(ccc1)C(=O)*,185.0999075
*c1sc(cc1CCCCCCCC)Nc1ccc(cc1)*,49.50827798
*n1c(=O)c2cc3c(cc2c1=O)c(=O)n(c3=O)c1ccc(cc1)c1ccc(cc1)c1ccc(cc1)*,278.5221779
*n1c(=O)c2c(c3c(c(c2c1=O)F)c(=O)n(c3=O)c1ccc(cc1)*)F,337.816724
*OC(=O)c1ccc(cc1)C(=O)NCCNC(=O)c1ccc(cc1)C(=O)OCCCCCCCCCC*,4.250402609
*NC(=O)NC(=O)NCc1c(c(cc(c1)Cc1c(c(cc(c1)C*)C=O)O)C=O)O,190.6072154
*OC(=O)C(C*)(CCCC)CCCC,-17.98562642
*C1(C(=O)C(CCC1)C*)CO,71.70468573
*N1C(=O)c2c(C1=O)cc(cc2)Oc1ccc(cc1)Oc1cc2c(C(=O)N(C2=O)c2ccc(cc2)Oc2ccc(cc2)Oc2ccc(cc2)*)cc1,191.2304459
*C(=C*)c1cc(c(c(c1)CO)OCc1ccc(cc1)CNC(COCCCCCCCC)C)CO,65.78481038
*n1c(=O)c2cc3c(cc2c1=O)c(=O)n(c3=O)CCCCCCCCCCCC*,73.37639604
*c1sc2cc3c(cc2n1)sc(n3)c1ccc(cc1)c1ccc(cc1)*,343.9030515
*c1sc(cc1COCCCCCCOc1ccc(cc1)c1ccc(cc1)C#N)*,59.88076613
*Nc1ccc(cc1)CC(=O)*,63.68828699
*C(C*)C(=O)N(c1ccccc1)O,141.1832818
*Oc1c(cc(cc1)OC(=O)c1ccc(cc1)C(=O)*)c1ccccc1,65.88587862
*OC(CC(=O)*)C(C)C,-24.82439314
*NC(C(=O)*)CC(=O)OCc1ccccc1,70.10647363
*c1c(c(cc(c1)N=Nc1ccc(cc1)[N+](=O)[O-])*)O,165.6801535
*OCCCCC(=O)NCCCCCCNC(=O)CCCC*,-56.49395983
*=C=C=C(C(=*)CCCCOC(=O)NC(=O)OCCCC)CCCCOC(=O)NC(=O)OCCCC,27.51087357
*Oc1cc(c(cc1)S(=O)(=O)c1ccc(cc1)Oc1ccc(cc1)C(c1ccc(cc1)*)(C)C)[N-][N+]#N,196.3053138
*c1sc(nn1)SCC(=O)NN=Cc1ccc(cc1)OCCCCOc1ccc(cc1)C=NNC(=O)CS*,39.79677892
*OC(=O)NCCSCCCCSCCNC(=O)OCC*,26.25521298
*C(C*)C(=O)N1CC[N+](CC1)(CCCCCCCCCCCC)C,-81.38297384
*OC(=O)c1cc(ccc1)c1cc(ccc1)C(=O)OCCCCCCCCCC*,8.531981028
*C1(C(=O)OC(=O)C1)C*,143.854555
*Oc1cc(ccc1)OC(=O)c1ccc(cc1)C(=O)Oc1cc(ccc1)OCCCCCCCCCC*,20.92794041
*Oc1ccc(cc1)OC(=O)c1ccc(cc1)OC(=O)c1ccc(cc1)C(=O)Oc1ccc(cc1)C(=O)Oc1ccc(cc1)OC(=O)c1cc(ccc1)C(=O)*,119.4238893
*=C1CN(CC(=Cc2oc(cc2)C(=O)CCCCC(=O)c2oc(cc2)C=*)C1=O)C,95.14114513
*Oc1ccc(cc1)NC(=O)c1c(c(c(c(c1F)F)C(=O)Nc1ccc(cc1)*)F)F,168.6168885
*C(=C(CC*)C)C,46.49641909
*S(=O)(=O)NCCNS(=O)(=O)c1ccc(cc1)*,7.54081281
*N(C(=O)*)c1ccccc1,150.7130657
*OC(=O)C(C(=O)OCCCCCC*)CCCCCCOc1ccc(cc1)c1ccc(cc1)OCc1ccc(cc1)[N+](=O)[O-],17.95743357
*N1C(=S)SC(=Cc2ccc(cc2)C=C2SC(=S)N(C2=O)CCCCCC*)C1=O,35.37444876
*c1oc(cc1)Sc1oc(cc1)C=Nc1ccc(cc1)N=C*,95.64631957
*OC(=O)c1ccc(cc1)S(=O)(=O)CCCCCCS(=O)(=O)c1ccc(cc1)C(=O)OCCCCCC*,35.86441642
*OS(=O)(=O)c1cc(ccc1)S(=O)(=O)Oc1cc(ccc1)*,29.19231194
*SSC(=O)N(c1ccc(cc1)Cc1ccc(cc1)N(C(=O)SSCCCC*)C)C,20.68923822
*C(C*)(c1ccc(cc1)OC(=O)C)OC(=O)C,74.85696518
*Oc1ccc(cc1)C(=Cc1ccc(cc1)OC(=O)CCCCCCCCCCC(=O)*)C,6.458707655
*N(C(=O)CCCCC(=O)N(CC(C(C(C*)(F)F)(F)F)(F)F)CC)CC,10.59395774
*c1ccc(cc1)C=C1C(=O)C(=Cc2ccc(cc2)C(=O)c2ccc(cc2)C(=O)*)CC1,192.2096838
*Oc1cc(c(cc1)N1ON1c1c(cc(cc1)OC(=O)CCCCCCCCCCC(=O)*)C)C,50.67469492
*c1c(cc(c(c1)Oc1ccc(cc1)S(=O)(=O)O[Na])c1ccc(cc1)*)Oc1ccc(cc1)S(=O)(=O)O[Na],172.5717242
*OC(=O)NCCCCC*,-13.55087665
*N1C(=O)C(CC1=O)Nc1ccc(cc1)NC1C(=O)N(C(=O)C1)c1ccc(cc1)Cc1ccc(cc1)*,248.5034267
*C(=C*)c1ccc(cc1)OCCCCCC(=O)Oc1c(c(c(c(c1F)F)F)F)F,73.83198457
*Oc1cc(ccc1)OC(=O)c1ccc(cc1)C=Nc1ccc(cc1)OCCCCCCOc1ccc(cc1)N=Cc1ccc(cc1)C(=O)*,83.83402436
*C1=NC2=CC(C=CC2=C1)*,103.156476
*C=CCCCCCCCC*,-17.2820223
*C(CCC*)Cl,-30.93658282
*C#CC(=C(*)CCCCOC(=O)NCCC)CCCCOC(=O)NCCC,40.70123878
*NC(CC(=O)*)c1ccccc1,-30.79261317
*S(=O)(=O)C(C=CC(*)C)C,33.82674704
*C(C(*)(C([2H])([2H])[2H])C([2H])([2H])[2H])([2H])[2H],85.2671101
*c1sc(cc1)C(=O)NCCCCCCNC(=O)*,42.90894132
*SC(=O)c1ccc(cc1)C(=O)SCc1c(c(c(c(c1C)C)C*)C)C,127.8963011
*c1ccc2c(c1)c(=O)oc(n2)c1cc(cc(c1)N1C(=O)c2c(C1=O)c(c(c(c2Cl)Cl)Cl)Cl)c1oc(=O)c2c(ccc(c2)C*)n1,378.8956296
*Nc1ccc(cc1)NC(=O)c1c(cc(c(c1)SCCCCCCCC)C(=O)*)SCCCCCCCC,69.67482713
*Oc1c(cc(cc1)C=Nc1ccc(cc1)N=Cc1cc(c(cc1)OC(=O)CCCCC(=O)*)OC)OC,-41.85748469
*Oc1ccc(cc1)OC(=O)c1ccc(cc1)OC(=O)CCCCCCC(=O)*,72.32081554
*c1nc(sc1)N=Cc1cc(c(cc1)OCCCCOc1c(cc(cc1)C=Nc1nc(cs1)c1ccc(cc1)Oc1ccc(cc1)*)OC)OC,104.0626058
*Oc1ccc(cc1)S(=O)(=O)c1ccc(cc1)Oc1ccc(cc1)C(=O)NNC(=O)c1cc(c(cc1)NC(=O)c1ccc(cc1)*)O,111.457133
*Oc1ccc(cc1)c1ccc(cc1)OC(=O)c1cc(ccc1)Oc1ccc(cc1)C(=O)*,89.5930824
*C(C*)OCCC,-17.16506937
*OC(=O)CCCC(=O)OCC(C(C(C(C*)(F)F)(F)F)(F)F)(F)F,-64.11657159
*OC1CCC(CC1)OC(=O)CCCCCCC(=O)*,-35.83964331
*N1C(=O)N(C(=O)C1(C)C)C(=O)c1ccc(cc1)N=Nc1ccc(cc1)C(=O)*,302.3547996
*Oc1ccc(cc1)OCC(=O)OC(=O)c1ccc(cc1)C(=O)OC(=O)C*,80.44433982
*c1c2c(c(cc1)*)cccc2,189.0821827
*C1C(=O)N(C(=O)C1C(C*)c1ccccc1)c1ccc(cc1)Cl,168.825845
*[Si](c1ccc(cc1)*)(OCC)OCC,7.02246836
*NC(CNC(=O)NCCCCCCNC(=O)*)C,55.35434565
*c1nc(cs1)c1ccc(cc1)c1nc(sc1)CCCC*,110.5188915
*Oc1ccc(cc1)OC(=O)CCCCCCCC(=O)*,-6.058372606
*C(C*)OC(=O)C(CC)(CC)CC,20.41787387
*NC(=O)CCCCCCCCCCCCCCC(=O)NCCc1ccc(cc1)CC*,65.25488595
*C1CCN(CC1)SC(=O)OCCCCOC(=O)SN1CCC(CC1)CCC*,-6.032415023
*Oc1cc2c(C(CC2(C)C)(c2ccc(cc2)Oc2ccc(cc2)C2(CC(c3c2cc(cc3)*)(C)C)C)C)cc1,308.5311609
*OC(=O)c1ccc(cc1)CCc1ccc(cc1)C(=O)OCC*,53.2795594
*c1oc2c(n1)cc(cc2)c1cc2c(oc(n2)CCCCCCCC*)cc1,61.93714913
*C(=C*)CNS(=O)(=O)CC,44.748248
*c1nc(ccc1)Oc1ccc(cc1)Oc1ccc(cc1)O*,-19.11943844
*C(=C(*)C)[Si](CCCC)(C)C,152.5242236
*OC(=O)CCSCCC(=O)*,6.950276755
*Oc1ccc(cc1)Oc1ccc(cc1)NC(=C(C#N)C#N)c1ccc(cc1)c1ccc(cc1)C(=C(C#N)C#N)Nc1ccc(cc1)*,270.2905197
*Oc1cc(ccc1)OC(=O)Oc1ccc(cc1)OC(=O)*,-104.3379932
*OC(=O)c1ccc(cc1)NC(=O)CCCCC(=O)Nc1ccc(cc1)C(=O)OCCC*,83.99780359
*c1nc2c([nH]1)cc(cc2)NC(=NO)C(=NO)Nc1ccc2c(nc([nH]2)CCCC*)c1,170.1130329
*Nc1c(c(c(c(c1C)C)NC(=O)c1ccc(cc1)C(=O)*)C)C,205.6552433
*OC(=O)Nc1ccc(cc1)NC(=O)OCC*,134.2908917
*Oc1c(cc(cc1)OC(=O)c1ccc(cc1)C(=O)*)Cl,119.6241841
*Oc1ccc(cc1)c1ccc(cc1)OC(=O)c1c(cc(c(c1)C(=O)OCCCCCC)C(=O)*)C(=O)OCCCCCC,77.13970172
*N1CCN(CC1)CCC(=O)N(CCN(C(=O)CC*)C(C)C)C(C)C,-43.71593166
*c1ccc2n(c3c(c2c1)cc(cc3)C=NN(c1ccc(cc1)S(=O)(=O)c1ccc(cc1)N(N=C*)CCCC)CCCC)CC,139.604302
*Sc1ccc(cc1)c1ccc(cc1)SC(=O)CCCCC(=O)*,13.2621556
*N(c1ccc(cc1)c1ccc(cc1)N(C(=O)c1ccc(cc1)C(=O)*)CC)CC,62.56896406
*S(=O)(=O)CCCC*,-14.41108992
*c1ccc(cc1)C=C1C(=O)C(=Cc2ccc(cc2)C(=O)c2ccc(cc2)C(=O)*)CCC1,240.3798309
*c1ccc2n(c3c(c2c1)cc(cc3)*)CC,206.6525359
*OC(C(C(=O)*)(C)C)c1ccccc1,65.42132156
*c1nc2c([nH]1)cc(cc2)c1ccc2c(nc([nH]2)c2ccc(cc2)C(=O)c2ccc(cc2)*)c1,300.9001313
*Nc1ccc(cc1)NC(=S)NC(=O)c1ccc(cc1)C(=O)NC(=S)*,220.8197438
*=c1c2cc3c(cc2c(=O)o1)c(=O)oc3=Nc1cc(ccc1)Oc1cc(ccc1)Oc1cc(ccc1)N=*,132.5253262
*OS(=O)(=O)c1ccc(cc1)S(=O)(=O)c1ccc(cc1)S(=O)(=O)Oc1ccc(cc1)S(=O)(=O)c1ccc(cc1)*,194.2678014
*OC(CCOC(=O)c1cc(ccc1)C(=O)*)C,-42.28619333
*NC(=O)CCCCCCCCC(=O)NC*,66.76854223
*NC(=O)CCP(=O)(CCC(=O)NCC*)C,143.8466204
*C(C*)c1c(cccc1)OC,160.10962
*OCCCCCOCCCCCCOCCCCCC*,-72.01996519
*NC(=O)C(=O)NCCNC(=O)CCCCCCCC(=O)NCC*,112.5256843
*OC(=O)c1ccc(cc1)C(=O)OCC(C*)(CCl)CCl,11.46555203
*OC(COC(=O)CCCCC(=O)*)C,-15.95518318
*c1ccc(cc1)c1ccc(cc1)C(*)(C)C,210.9469969
*Oc1ccc(cc1)Oc1ccc(cc1)NC(=O)c1ccc(cc1)C(=O)Nc1ccc(cc1)*,203.5999878
*Oc1c(cc(cc1)Oc1ccc(cc1)C(=O)c1ccc(cc1)*)CBr,98.31320425
*Oc1cc(ccc1)C(=O)OC(=O)c1cc(ccc1)OCC*,3.697542049
*C(=C*)c1ccc(cc1)[N+](=O)[O-],-12.60583746
*c1sc(cc1)[Si](c1sc(cc1)[SiH](*)C)(C)C,60.04219897
*Oc1ccc(cc1)C(c1ccc(cc1)OC(=O)c1ccc(cc1)Oc1ccc(cc1)C(=O)*)C,76.95210942
*C(C*)C(=O)n1sc2c(c1=O)cccc2,48.67425788
*Nc1cc(cc(c1)C(=O)OCCN(c1ccc(cc1)S(=O)(=O)C(C(C(C(C(C(C(C(F)(F)F)(F)F)(F)F)(F)F)(F)F)(F)F)(F)F)(F)F)C)NC(=O)c1cc(cc(c1)OCCN(c1ccc(cc1)S(=O)(=O)C(C(C(C(C(C(C(C(F)(F)F)(F)F)(F)F)(F)F)(F)F)(F)F)(F)F)(F)F)C)C(=O)*,172.7344272
*n1c(=O)c2cc3c(cc2c1=O)c(=O)n(c3=O)c1c(cc(cc1)c1cc(c(cc1)*)C)C,271.2577887
*c1c(cc(c(c1)OCCCCCCOc1ccc(cc1)C1CCC(CC1)CCCCC)C=C*)OCCCCCCOc1ccc(cc1)C1CCC(CC1)CCCCC,36.67582945
*OC(=O)SSC(=O)OCCCC*,-58.94578339
*NC(C(=O)NCC(=O)*)C,19.96697332
*NC(=O)CNC(=O)CC*,70.42884183
*SC(=O)CCCCC(=O)SCc1c(c(c(c(c1C)C)C*)C)C,44.80678229
*C(=C*)c1ccccc1,66.12991425
*c1cc2c(C(=O)N(C2=O)c2cc(ccc2)NC(=O)c2cc(ccc2)C(=O)Nc2cc(ccc2)NC(=O)*)cc1,213.4893774
*Oc1c(cc(cc1Br)C(c1cc(c(c(c1)Br)OC(=O)c1cc(ccc1)C(=O)*)Br)(CCC(=O)O)C)Br,175.2273279
*OC(=O)CCCCC(=O)OCC(C*)(CCl)CCl,2.83724036
*N1CCN(CC1)C(=O)SSCCCCSSC(=O)*,-3.571974592
*N1C(=O)N(C(=O)C1(c1ccccc1)c1ccccc1)C(=O)c1ccc(cc1)N=Nc1ccc(cc1)C(=O)*,183.844758
*c1cc2n(c3c(c2cc1)ccc(c3)C#CC#C*)CCCCCCCCCCCCCCCC,68.35869686
*c1c2c(nccc2)c(cc1)OCc1ccc(cc1)COc1c2ncccc2c(cc1)C*,200.3538526
*OC(=O)c1ccc(cc1)C(=O)OCCOCCOCC*,36.06576581
*c1c2c(c(s1)*)sc(n2)CCCCCCCCC,56.24069524
*=C=C=C(C(=*)COS(=O)(=O)c1ccc(cc1)C)COS(=O)(=O)c1ccc(cc1)C,76.80290526
*Oc1c(cc(cc1)C=CC=Cc1cc(c(cc1)OCCCCCCC*)C)C,41.89270134
*Oc1ccc(cc1)C(=O)OCCCCOC(=O)c1ccc(cc1)OC(=O)c1ccc(cc1)C(=O)*,68.79315579
*Oc1c(c(ccc1)Oc1ccc(cc1)C(=O)Nc1ccc(cc1)Oc1ccc(cc1)NC(=O)c1ccc(cc1)*)C#N,160.9324159
*C1C(=O)N(C(=O)C1*)c1ccc(cc1)COC(C)(C)C,122.5873684
*c1ccc2n(c3c(c2c1)cc(cc3)C(=O)Oc1ccc(cc1)C(c1ccc(cc1)OC(=O)*)(C)C)C,73.83261176
*/C=C/*,59.5588378
*c1ncc(cc1)c1n(c(cc1)c1n(c(cc1)*)C)C,256.5965094
*c1ncc(cc1)*,322.0959561
*c1cc2c(C(=O)N(C2=O)c2ccc(cc2)Oc2ccc(cc2)N2C(=O)c3c(C2=O)cc(cc3)C(=O)Nc2ccc(cc2)NC(=O)*)cc1,48.20867337
*N(C(=O)*)CCCCCC,14.34014558
*Nc1cc(ccc1)C#Cc1cc(ccc1)NC(=O)c1c(cc(cc1)C(=O)*)C(=O)O,187.6187871
*c1c(cc(c(c1)C*)C)O,12.40187977
*Oc1cc(c(cc1)C(=O)Nc1ccc(cc1)NC(=O)c1c(cc(cc1)*)C(=O)O)C(=O)O,216.6231471
*c1nc(nc(n1)Oc1cc(ccc1)C(=O)Nc1ccc(cc1)Oc1ccc(cc1)NC(=O)c1cc(ccc1)O*)Sc1ccccc1,184.9515774
*=C1c2c(C(=O)O1)cc(cc2)c1cc2c(C(=O)OC2=Nc2cc(ccc2)Oc2cc(ccc2)Oc2cc(ccc2)N=*)cc1,193.7356518
*Nc1c(cc(cc1)*)CC,162.1855704
*OC(=O)NCCCCCCNC(=O)OCCN(CC*)c1ccc(cc1)N=Nc1ccc(cc1)C,24.09354398
*c1nc2c([nH]1)ccc(c2)c1ccc2c(nc([nH]2)c2ccc(cc2)*)c1,423.6341908
*c1ncc(cc1)C(=O)OC(=O)COc1ccc(cc1)OCC(=O)OC(=O)*,155.9709567
*C(C*)C(=O)OCCN(S(=O)(=O)C(C(C(C(C(C(C(C(F)(F)F)(F)F)(F)F)(F)F)(F)F)(F)F)(F)F)(F)F)C,-148.0297376
*OC(=O)c1cc(ccc1)C(=O)OCC1C(C1)C*,10.23490017
*NC(C(=O)*)C(C)C,153.0278775
*C(C*)(C(=O)OCC(C(C(C(C(C(C(F)(F)F)(F)F)(F)F)(F)F)(F)F)(F)F)(F)F)F,-98.70472035
*C(*)C(=O)OC(C)(C)C,12.73837737
*OC(=O)c1c(cccc1)c1c(cccc1)C(=O)OCCCC*,71.34273106
*Nc1ccc(cc1)Cc1ccc(cc1)NC(=O)Nc1ccc(cc1)CCc1ccc(cc1)NC(=O)*,183.1975298
*C1C(=O)N(C(=O)C1C(C*)OC(=O)C)c1ccccc1,157.3759721
*OC(CC(=O)*)C(Cl)Cl,110.2326669
*OC(=O)NCCCCCCCCCCNC(=O)OCCCCCCCC*,24.78605928
*C1C=CC(CC1)*,103.377349
*NC(=O)NCCCP(CCC*)c1ccccc1,-49.19787298
*c1oc(nn1)CCCCCCCC*,-48.88416733
*OC(=O)NCCCCCCNC(=O)OCC(C*)(C)C,47.60248847
*N=P(*)(OCC(C(C(F)(F)F)(F)F)(F)F)OCC(C(C(F)(F)F)(F)F)(F)F,-77.91107652
*OC(=O)c1ccc(cc1)C(=O)OCCCCCC(=O)NCCNC(=O)CCCCC*,81.65245915
*c1cc2c(C(=O)OC2=Nc2cc(ccc2)N=C2OC(=O)c3c2cc(cc3)C(=O)*)cc1,246.6584182
*C*,-2.526682925
*c1c(nnc(n1)c1nc(ccc1)c1nc(c(nn1)c1ccccc1)c1ccc(cc1)Sc1ccc(cc1)*)c1ccccc1,419.5781202
*c1cc2c(C(=O)N(C2=O)c2c(cc(cc2)c2cc(c(cc2)N2C(=O)c3c(C2=O)cc(cc3)C(=O)Oc2ccc(cc2)C(c2ccc(cc2)OC(=O)*)(C)C)C)C)cc1,87.17702398
*=c1sc(cs1)c1ccc(cc1)C=*,105.3372816
*Oc1ccc(cc1)N=Cc1ccc(cc1)OC(=O)c1ccc(cc1)C=Nc1ccc(cc1)OCCCCOC(=O)NCCCCCCNC(=O)OCCCC*,-34.25655466
*Oc1ccc(cc1)C(=O)CNc1ccc(cc1)NCC(=O)c1ccc(cc1)*,158.6944649
*OC(=O)N(c1c(ccc(c1)N(C(=O)OCC*)C)C)C,42.46691504
*c1cc2c(C(=O)N(C2=O)c2ccc(cc2)Oc2ccc(cc2)N2C(=O)c3c(C2=O)cc(cc3)C(=O)N2C(=O)N(C(C(=C2C)C(=O)OCC)c2ccc(cc2)Cl)C(=O)*)cc1,170.3261787
*C(C*)(C(=O)Oc1ccc(cc1)C)C,126.1154692
*c1sc2c(n1)ccc(c2)OCCCCCCCCCCCOC(=O)CCCCC(=O)OCCCCCCCCCCCOc1ccc(cc1)*,-17.21827415
*c1nc2c(c(c1)OCCO*)cc(cc2)C,88.77435741
*Oc1ccc(cc1)C(=O)CCCCCCCCC(=O)c1ccc(cc1)OC(=O)*,6.568396994
*c1ccc2c(nc([nH]2)c2cc(ccc2)c2nc3c([nH]2)ccc(c3)C(=O)Nc2ccc(cc2)NC(=O)*)c1,309.3374253
*OCC1(C2CCC(C1)CC2)C*,81.08225465
*c1nc(ccc1)C=Nc1ccc(cc1)N=C*,139.1234551
*/C(=C(/*)\c1ccccc1)/c1ccccc1,206.5698859
*N1C(CN(C(C1)C)C(=O)OCCOC(=O)*)C,60.10633691
*C1C(CC1)*,69.57488221
*OC(C*)CCCCCCCCOc1ccc(cc1)C(=O)Oc1ccc(cc1)C(=O)OCC(CC)C,-0.17829817
*C(C*)(C(=O)OCCOC(=O)c1cc(cc(c1)OC(=O)c1ccc(cc1)N=Nc1ccc(cc1)OCCCCCCC)OC(=O)c1ccc(cc1)N=Nc1ccc(cc1)OCCCCCCC)C,9.014452923
*C(C*)C(=O)OCCOC(C(F)(F)F)(C(F)(F)F)F,-51.63721715
*Sc1ccc(cc1)*,64.586946
*Oc1ccc(cc1)CCCNC(=O)CCCCC(=O)NCCCc1ccc(cc1)OCCCCC*,28.2211431
*SSCCCCSSCCCCCC*,-41.26672381
*c1cc2c(C(=O)N(C2=O)c2ccc(cc2)N2C(=O)c3c(C2=O)cc(cc3)C(=O)OCCN(CCOC(=O)*)c2ccc(cc2)N=Nc2ccc(cc2)[N+](=O)[O-])cc1,145.3751112
*n1c(=O)c2cc3c(cc2c1=O)c(=O)n(c3=O)C(C(=O)N1C(=O)N(C(C1=O)(C)C)C(=O)C(*)C)C,252.5865186
*OC(=O)CCCCC(=O)OCc1ccc(cc1)C*,-4.158432897
*Nc1c(cc(cc1)NC(=O)c1c(cc(c(c1)C(=O)*)C(=O)O)C(=O)O)S(=O)(=O)O[Na],129.970858
*Nc1ccc(cc1)Cc1ccc(cc1)NC(=O)c1cc(cc(c1)NC(=O)C(CC(C)C)N1C(=O)c2c(C1=O)cccc2)C(=O)*,36.87047274
*N1C(CN(C(C1)C)SC(=O)OCCCCOC(=O)S*)C,-30.512105
*N(C(=O)*)CC=C,164.8639006
*[Si](c1ccc(cc1)*)(c1ccc(cc1)CN(C)C)C,12.90627629
*c1sc(cc1)C#CC#C*,49.13696662
*c1ncnc(c1)C=Cc1ccc(cc1)C=C*,84.80053451
*c1nc(nc(n1)Oc1c2c(ccc1C(=O)Nc1ccc(cc1)NC(=O)c1c(c3c(cc1)cccc3)O*)cccc2)N1CCCCC1,162.6671353
*OC(=O)CCC(=O)OCCCCCCCCCC*,1.783806133
*c1cc2n3c(=O)c4cc5c(cc4c3nc2cc1)c(=O)n1c2ccc(cc2nc51)*,384.637936
*c1ccc2n(c3c(c2c1)cc(cc3)C(=O)Oc1ccc(cc1)C1(c2c(C(=O)O1)cccc2)c1ccc(cc1)OC(=O)*)C,262.5942508
*=Nc1ccc(cc1)N=C(Nc1c(cc(cc1)c1cc(c(cc1)NC(=*)C)C(=O)O)C(=O)O)C,89.38045943
*OC(=O)C=C(CC(=O)OCC*)c1ccc(cc1)OCC,1.131191733
*OC(=O)Nc1c(ccc(c1)NC(=O)OCCOCCOCCC*)C,-26.75831261
*Nc1c(cccc1)CCc1c(cccc1)NC(=O)*,207.655323
*SC(=O)Nc1ccc(cc1)Cc1ccc(cc1)NC(=O)SCc1ccc(cc1)C*,90.77725081
*c1cc2c(C(=O)N(C2=O)c2ccc(cc2)Oc2ccc(cc2)N2C(=O)c3c(C2=O)cc(cc3)C(=O)NCCC[Si](O[Si](CCCNC(=O)*)(C)C)(C)C)cc1,143.0502256
*OC(=O)c1cc(ccc1)C(=O)OCCNC(=O)c1ccc(cc1)C(=O)NCC*,121.124261
*C(C*)(C(=O)OCCCCCCCCCCOc1ccc(cc1)N1C(=O)C(=Cc2c(c3c(n2C)cccc3)C)C(=C(C)C)C1=O)C,-17.96880959
*SC(=O)CCCCCCCCC(=O)SCCCCCC*,-39.13613776
*c1nc(ccc1)C(=O)NCCCCCCCCCCNC(=O)*,49.59402876
*NC(=O)c1ccc(cc1)C(=O)NCCCCCCCCCC*,50.1155014
*Nc1ccc(cc1)NC(=O)c1ccc(cc1)NC(=O)C=Cc1ccc(cc1)C=CC(=O)Nc1ccc(cc1)C(=O)*,169.7759737
*NNC(=O)CCCCCCCCC(=O)NNC(=S)c1cc(ccc1)C(=S)*,32.4414411
*N1C(=O)c2c(C1=O)cc(cc2)Oc1cc2c(C(=O)N(C2=O)c2ccc(cc2)NC(=O)c2cc(ccc2)C(=O)Nc2ccc(cc2)*)cc1,155.8375326
*NC(=S)C=Cc1ccc(cc1)Cc1ccc(cc1)C=CC(=S)NCC*,99.87529352
*c1ccc2[nH]c3c(c2c1)cc(cc3)C(=O)c1c(cc(c(c1)C(=O)*)C(=O)O)C(=O)O,106.1795053
*c1nc(sc1)NC(=O)Nc1ccc(cc1)Cc1ccc(cc1)NC(=O)Nc1nc(cs1)c1ccc(cc1)Oc1ccc(cc1)*,221.6298798
*OC(=O)c1ccc(cc1)N1ON1c1ccc(cc1)C(=O)OCCOCC*,15.34426557
*c1ccc2nc3c(Sc4cc(ccc4N3)c3cc4Sc5c(Nc4cc3)nc3ccc(cc3n5)O*)nc2c1,383.4
*c1cc2Sc3c(=Nc2cc1)[nH]c1ccc(cc1n3)c1ccc2[nH]c3=Nc4c(Sc3nc2c1)cc(cc4)*,418.69
*c1nc2c([nH]1)ccc(c2)c1ccc2c(nc([nH]2)c2oc(cc2)*)c1,419.98
*=C1OC(=c2cc3ccc4=CC(=*)C=c5ccc(c2)c3c45)c2c3c4c1ccc1cccc(c41)c1c3c(ccc1)cc2,432.43
*c1cc2c3n(c4ccc(cc4n3)Oc3ccc4n5c(nc4c3)c3ccc(cc3C5=O)C(*)(C(F)(F)F)C(F)(F)F)C(=O)c2cc1,395.15
*c1cc2n3c(=O)c4cc5c(cc4c3nc2cc1)c(=O)n1c2ccc(cc2nc51)O*,416.53
*n1c(=O)c2cc3c(cc2c1=O)c(=O)n(c3=O)c1ccc(cc1)c1c(cc(cc1c1ccc(cc1)c1ccccc1)c1ccc(cc1)c1cc(c(c(c1)c1ccc(cc1)c1ccccc1)c1ccc(cc1)*)c1ccc(cc1)c1ccccc1)c1ccc(cc1)c1ccccc1,435
*n1c(=O)c2cc3c(cc2c1=O)c(=O)n(c3=O)c1ccc2c(nc([nH]2)c2ccc(cc2)*)c1,456.35
*N1C(=O)c2cc3C(c4c(Oc3cc2C1=O)cc1C(=O)N(C(=O)c1c4)c1cc(c(cc1)c1c(cc(cc1)*)C(F)(F)F)C(F)(F)F)(C(F)(F)F)C(F)(F)F,472.25
*c1cc2nc3c4c5c6c(c3nc2cc1)cccc6c1nc2ccc(cc2nc1c5ccc4)*,411.97
*=C1C=c2ccc3cc(=C4c5ccccc5C(=*)c5ccccc45)cc4ccc(=C1)c2c34,437.49
*c1n(c(cc1)*)C(C(=O)OC)C,279.4452403
*NC(C(=O)NCC(=O)NCC(=O)*)C,208.6397491
*c1sc2cc3c(cc2n1)sc(n3)c1c(cc(c(c1)OCCCCCC)*)OCCCCCC,168.5263131
*C(*)C(=O)OC(CC)(C)C,136.5678336
*N(c1ccc(cc1)*)CCCCCCC,110.7170963
*Oc1ccc(cc1)OC(=O)c1c(cc(cc1)C(=O)*)c1ccccc1,227.700588
*S(=O)(=O)NCCNS(=O)(=O)c1ccc(cc1)c1ccc(cc1)*,173.2454244
*Oc1ccc(cc1)c1ccc(cc1)OC(=O)c1ccc(cc1)OC(=O)c1ccc(cc1)C(=O)Oc1ccc(cc1)C(=O)*,213.4133554
*c1[nH]c(cc1c1ccccc1)*,120.4503456
*c1ccc(cc1)C1C(C(C1C(=O)OCC)*)C(=O)OCC,164.3224631
*C(C(*)O)C,113.5665564
*C(C*)C(CC)CC,38.96888215
*OC(=O)CCC(=O)OCCCCCCCCCCCCCCCCCCCC*,-32.76938912
*C(C*)C(=O)N(CC)CC,56.77009786
*NNC(=O)CCC(=O)NNC(=O)CCCCCCCCC(=O)*,64.69850401
*NC(=O)CCC(=O)NCCCCCCCC*,69.22130195
*NC(C(C(=O)*)(C)C)c1ccccc1,154.3595069
*OC(=O)C/C=C/CC(=O)OCCCCCCCCCCCCCC*,-41.10158883
*C(C*)(C(=O)OCC)CO,22.36004964
*O[Si](CCCN=C1c2c(ccc(c2C(=NCCC[Si](*)(C)C)c2ccccc12)O)O)(C)C,51.3
*Oc1ccc(cc1)S(=O)(=O)c1ccc(cc1)Oc1ccc(cc1)C(c1ccc(cc1)*)(c1ccc(cc1)O)C,255.52
*OP(=O)(N=Nc1ccc(cc1)COC(=O)c1cc(cc(c1)C(C)(C)C)C(=O)OCc1ccc(cc1)N=NP(=O)(OCCCCCC*)OC)OC,62.39
*c1cc2c(C(=O)N(C2=O)c2c(ccc(c2)N2C(=O)c3c(C2=O)cc(cc3)C(=O)*)CP(=O)(OCC)OCC)cc1,264.06
*Nc1c(cc(cc1)NC(=O)c1ccc(cc1)NC(=O)CCCCCCCCCCC(=O)Nc1ccc(cc1)C(=O)*)C(=O)OCCCCCCCCCCCCCCCC,187.43
*C(C*)(C(=O)OCCF)C,76.42
*N1C(=O)c2c(C1=O)cc(cc2)Oc1ccc(cc1)Oc1ccc(cc1)Oc1cc2c(C(=O)N(C2=O)c2ccc(cc2)Oc2ccc(cc2)Sc2ccc(cc2)Oc2ccc(cc2)*)cc1,225.33
*C(C*)c1ccc(cc1)C(=O)N(C)C,146.9
*OC(=O)c1ccc(cc1)C(c1ccc(cc1)C(=O)*)(C)C,46.39
*Oc1cc2c(cc1)ccc(c2)Oc1ccc(cc1)C(=O)Nc1cc(ccc1)NC(=O)c1ccc(cc1)*,204.47
*SCC(=O)NCCCCCCNC(=O)C*,29.78
*c1cc2C(c3c(c2cc1)ccc(c3)c1ccc(cc1)c1c(c(cc(c1)c1ccc(cc1)OCC(CCCC)CC)c1ccc(cc1)*)c1ccc(cc1)OCC(CCCC)CC)(CCCCCC)CCCCCC,123.52
*OC(=O)COCC(=O)OCCCC*,27.22
*C1(CCN(CC1)C(=O)C(CC(=O)N1CCC(CC1)(CCC*)C)C)C,111.94
*c1nc2c(nc1)cc(cc2)Oc1cc2c(nc(cn2)c2ccc(cc2)*)cc1,381.02
*C(C*)OC(=O)c1c(cccc1)C,81.84
*C1(CC(c2c1cc(cc2)*)(C)C)C,261.41
*c1cc2c(C(=O)N(C2=O)c2ccc3Cc4c(c3c2)cc(cc4)N2C(=O)c3c(C2=O)cc(cc3)C(*)(C(F)(F)F)C(F)(F)F)cc1,442.63
*c1cc2c(C(=O)N(C2=O)c2c3c(ccc2)c(ccc3)Oc2ccc(cc2)N2C(=O)c3c(C2=O)cc(cc3)C(=O)Nc2nc(nc(n2)NC(=O)*)c2ccccc2)cc1,330.59
*Oc1ccc(cc1)OC(=O)c1c(cc(cc1)C(=O)*)Sc1ccc(cc1)Cl,146.43
*N1C(=O)c2c(C1=O)cc(cc2)Oc1cc2c(C(=O)N(C2=O)CCCCCCCCCCCC*)cc1,80.63
*Oc1ccc(cc1)OC(=O)c1ccc(cc1)C(=O)Oc1ccc(cc1)OCCCCC*,89.92
*C1C(=O)N(C(=O)C1C(C*)c1ccccc1)CCCCCCCCCCCC,70.24
*OC(=O)Nc1c(ccc(c1)NC(=O)OCCCCCCCC*)C,117.25
*C(C*)(C(=O)OCCCCCCOc1ccc(cc1)C(=O)Oc1ccc2c(c1)oc(=O)cc2)C,118.96
*Oc1ccc(cc1)CC(NC(=O)Cc1ccc(cc1)OC(=O)CCCCCCC(=O)*)C(=O)OCC,66.4
*N1C(=O)c2c(C1=O)cc(cc2)Oc1cc2c(C(=O)N(C2=O)c2cc(ccc2)C(c2cc(ccc2)*)O[Si](O[Si](O[Si](C)(C)C)(C)C)(C)C)cc1,196.68
*c1cc2c(C(=O)N(C2=O)c2ccc(cc2)C(=O)OCCOCCOCCOC(=O)*)cc1,79.22
*Oc1ccc(cc1)C1(c2ccccc2c2ccccc12)c1ccc(cc1)Oc1c(cc(cc1)C(=O)c1ccc(cc1)C(=O)c1cc(c(cc1)*)C(F)(F)F)C(F)(F)F,265.8
*O[Si](O[Si](O[Si](O[Si](CC[Si](O[Si](O[Si](O[Si](O[Si](CC[Si](*)(c1ccccc1)c1ccccc1)(C)C)(C)C)(C)C)(C)C)(C)C)(c1ccccc1)c1ccccc1)(c1ccccc1)c1ccccc1)(c1ccccc1)c1ccccc1)(c1ccccc1)c1ccccc1,11.62
*N1C(=O)c2c(C1=O)c(ccc2)Oc1c(c(cc(c1)C(C)(C)C)C(C)(C)C)Oc1c2c(C(=O)N(C2=O)c2ccc(cc2)Oc2ccc(cc2)*)ccc1,301.26
*Oc1ccc(cc1)c1ccc(cc1)Oc1c(c(c(c(c1F)F)COC(c1cc(ccc1)C(OCc1c(c(c(c(c1F)F)*)F)F)(C(F)(F)F)C(F)(F)F)(C(F)(F)F)C(F)(F)F)F)F,139.73
*S(=O)(=O)c1ccc(cc1)NC(=O)c1cc(cc(c1)NC(=O)c1ccc(cc1)NC(=O)C(N1C(=O)c2c(C1=O)cccc2)C)C(=O)Nc1ccc(cc1)*,272.65
*NC(=O)NCc1ccc(cc1)CNC(=O)NCCCCCCCCCCCCCCCCCC*,62.4
*C1CC2CC(CC(C1)O2)OC(=O)O*,196.52
*C(C(*)C(=O)OC(C)(C)C)C(=O)OC,148.77
*Oc1ccc(cc1)c1ccc(cc1)C(=O)OCC(COC(=O)c1ccc(cc1)c1ccc(cc1)OC(CC*)C)C,116.96
*N1C(=O)c2c(C1=O)cc(cc2)c1cc2c(C(=O)N(C2=O)c2c(cc(cc2C)C(c2cc(c(c(c2)C)*)C)c2c3c(ccc2)cccc3)C)cc1,369
*c1cc2c(nc(c(n2)c2ccccc2)c2ccc(cc2)c2c(nc3c(n2)cc(cc3)C(=O)*)c2ccccc2)cc1,326.27
*C(C*)(C(=O)OCC)F,124.69
*NC(=O)CCCCC(=O)NCC(CC(CC*)(C)C)C,54.82
*c1c2C(=O)N(C(=O)c2c(c2ccccc12)c1ccc(cc1)Oc1ccc(cc1)C(=O)c1cc(ccc1)C(=O)c1ccc(cc1)Oc1ccc(cc1)*)CCCCCCCCCCCC,161.91
*Oc1ccc(cc1)C(c1ccc(cc1)OC(=S)*)C,101.06
*C(C*)OCC(CC)(C)C,12.2
*c1sc(cc1)C(=O)Oc1ccc(cc1)[Si](c1ccc(cc1)OC(=O)*)(CC)CC,-36.93
*Oc1c(cc(cc1C)*)C(CCCCCCCCCCCC)C,44.22
*Oc1cc(ccc1)C(C(C(c1cc(ccc1)OC(=O)c1cc(ccc1)C(C(C(c1cc(ccc1)C(=O)*)(F)F)(F)F)(F)F)(F)F)(F)F)(F)F,105.91
*C(C*)C(=O)Oc1ccc(cc1)C(=O)Oc1ccc(cc1)OC(=O)c1ccc(cc1)OCCCC,42.05
*C(C*)c1c(cccc1)C(=O)OCCC,135.21
*N=P(*)(OCc1ccc(cc1)c1ccccc1)OCc1ccc(cc1)c1ccccc1,51.23
*c1oc(nn1)c1ccc(cc1)C(=O)OCCCCCCOc1ccc(cc1)C=C1C(=O)C(=Cc2ccc(cc2)OCCCCCCOC(=O)c2ccc(cc2)*)CCC1,90.11
*OC(=O)NCCCCCCNC(=O)OCCCCCCCCCCCC*,35.91
*c1oc(nc1)c1cc(c(cc1)Oc1ccc(cc1)S(=O)(=O)c1ccc(cc1)Oc1c(cc(cc1)*)C(F)(F)F)C(F)(F)F,267.06
*c1nc(nc(n1)c1ccc(cc1)Oc1ccc(cc1)C(c1ccc(cc1)Oc1ccc(cc1)*)(C(F)(F)F)C(F)(F)F)c1ccccc1,303.48
*Oc1c(c(c(c(c1C)C)Oc1ccc(cc1)NC(=O)c1ccc(cc1)C(=O)Nc1ccc(cc1)*)C)C,337.62
*N1C(=O)c2c(C1=O)c(ccc2)c1cc2c(C(=O)N(C2=O)c2cc(ccc2)*)cc1,348.28
*N1C(=O)c2c(C1=O)cc(cc2)Oc1cc2c(C(=O)N(C2=O)c2cc(c(c(c2)Br)Oc2c(cc(cc2Br)*)Br)Br)cc1,302.26
*N1C(=O)C2C3C4C(C(C2C1=O)C=C3)C(=O)N(C4=O)c1ccc(cc1)Sc1cc2c(C(=O)N(C2=O)c2ccc(cc2)CC)cc1Sc1ccc(cc1)*,307.1
*C1C(C(C(C1)C=C*)(F)F)(C(F)(F)F)C(F)(F)F,163.71
*OC(CCC(OC(=O)CCCCCCCCC(=O)*)C)C,-18.21
*c1ccc2c(nc([nH]2)c2cc(ccc2)c2nc3c([nH]2)ccc(c3)C(=O)Nc2cc(cc(c2)c2nc3c([nH]2)cccc3)NC(=O)*)c1,348.55
*C(C*)C(=O)c1ccc(cc1)CC,68.42
*C1C(=O)N(C(=O)C1*)CCOc1ccc(cc1)c1ccc(cc1)C#N,158.36
*C1COC2C1OCC2OC(=O)CCC(=O)O*,86.76
*OC(=O)c1ccc(cc1)C(=O)OCCCCOC(=O)CCCCC(=O)OCCCC*,33.64
*C(C*)c1ccc(cc1)COCC(CCCC)CC,13.66
*C(C*)(C(=O)Oc1cc(c(cc1)C(=O)c1ccccc1)O)C,186.45
*C(C*)C(=O)OCCOC(C(F)F)(F)F,11.16
*OC(=O)OCC(C(C*)O)O,98.39
*Oc1ccc(cc1)NC(=O)c1cc(cc(c1)C(C)(C)C)C(=O)Nc1ccc(cc1)OCCCCCC*,158.08
*N(c1ccc(cc1)C(c1ccc(cc1)*)c1ccccc1)c1ccc(cc1)C,263.16
*Nc1ccc(cc1)C(c1ccc(cc1)NC(=O)c1cc(cc(c1)N1C(=O)C2C(C1=O)CC=CC2)C(=O)*)(C)C,358.53
*C(C*)(CC(=O)OCCCc1ccccc1)C(=O)OCCCc1ccccc1,29.9
*C=CCCCC(CCC*)Cl,-9.32
*C1C(=O)N(C(=O)C1C(C*)(C)C)c1c(cccc1)C,286.47
*C1(c2c(C(=O)O1)cccc2)c1ccc(cc1)Oc1c(c(c(c(c1F)F)C(=O)c1c(c(c(c(c1F)F)Oc1ccc(cc1)*)F)F)F)F,276.34
*Nc1cc(ccc1)NC(=O)CCCCCCC(=O)*,128.17
*C(C*)(C(=O)OCCOc1ccc(cc1)N=Nc1ccc(cc1)C#N)C,141.68
*N1C(=O)c2c(C1=O)cc(cc2)Oc1ccc(cc1)C1(CCC(CC1)c1ccccc1)c1ccc(cc1)Oc1cc2c(C(=O)N(C2=O)c2ccc(cc2)Cc2ccc(cc2)*)cc1,249.05
*Oc1ccc(cc1)Oc1ccc(cc1)C(=O)c1c(c(c(c(c1c1ccc(cc1)F)c1ccc(cc1)F)c1ccc(cc1)F)c1ccc(cc1)F)C(=O)c1ccc(cc1)*,252.56
*c1cc2c(C(=O)N(C2=O)c2ccc(cc2)NC(=O)Nc2ccc(cc2)N2C(=O)c3c(C2=O)cc(cc3)C(=O)Nc2ccc(cc2)c2ccc(cc2)NC(=O)*)cc1,253.71
*OC(C*)CCl,2.36
*NC(=O)c1cc(cc(c1)C(C)(C)C)C(=O)NCC(CCC(C*)C)C,157.37
*c1cc2c(C(=O)N(C2=O)c2ccc(cc2)Oc2ccc(cc2)C(=O)c2cc(ccc2)C(=O)c2ccc(cc2)Oc2ccc(cc2)N2C(=O)c3c(C2=O)cc(cc3)C(=O)*)cc1,240.35
*Oc1c(cc(cc1OC)C=Cc1ccc(cc1)C=Cc1cc(c(c(c1)OC)OCCCCCCCC*)OC)OC,65.39
*Nc1c2c(ccc1)c(ccc2)NC(=O)c1cc(ccc1)C(=O)*,339.66
*OS(=O)(=O)c1ccc(cc1)*,140.64
*c1ccc2ccc3c(c2n1)nc(cc3)c1ccc(cc1)c1c(cc(c(c1)CCCCCC)c1ccc(cc1)*)CCCCCC,160.44
*C(C*)(C(=O)OCCCCCCCCCCn1c2ccc(cc2c2ccccc12)N=Nc1ccc(cc1)[N+](=O)[O-])C,60.81
*N=Nc1ccc(cc1)NC(=O)CCC(=O)Nc1ccc(cc1)*,208.85
*C(C*)c1cc(ccc1)Cl,122.57
*Oc1ccc(cc1)C1(c2cc(ccc2c2ccc(cc12)[N+](=O)[O-])OC)c1ccc(cc1)OC(=O)CCCC(=O)*,195.71
*c1cc2c(C(=O)N(C2=O)c2c(cc(c(c2C)C(=O)c2cc(ccc2)N2C(=O)c3c(C2=O)cc(cc3)C(*)(C(F)(F)F)C(F)(F)F)C)C)cc1,280.09
*Oc1ccc(cc1)Oc1ccc(cc1)C(=O)c1cc(ccc1)NC(=O)c1cc(ccc1)C(=O)Nc1cc(ccc1)C(=O)c1ccc(cc1)*,222.22
*Oc1ccc(cc1)CC(NC(=O)CCc1ccc(cc1)OC(=O)CCCC(=O)*)C(=O)OCCOCCOCC,42.34
*OP(=O)(OCCCCCCCCCCOc1ccc(cc1)C=Cc1ccc(cc1)OCCCCCCCCCC*)OCCCCCCCCCCOc1ccc(cc1)N=Nc1ccc(cc1)C#N,51.61
*O[Si](*)(CC)CC,130
*O[Si](*)(C)C,152
*C/C=C\C*,171
*C[Si](*)(C)C,173
*O[Si](*)(C)c1ccccc1,187
*CC(COCCCCCC)O*,188
*CCCCO*,190
*N[Si](*)(C)C,191
*CC=C(C*)CCCC,192
*CC(*)OCCCCCCCC,194
*CC(COCCCC)O*,194
*CC*,195
*CCCO*,195
*CC=C(C*)CCC,196
*CC(*)OCCCCCCCCCC,197
*CC=C(C*)CC,197
*O[Si](*)(C)CCC(F)(F)F,199
*CC(*)(C)C,199
*CCC[Si](*)(C)C,203
*CCCCCCCCO*,203
*CCCCCCO*,204
*OCCCCOC(=O)CCCCC(*)=O,205
*CCO*,206
*CC(C)O*,206
*CC(*)OCCCCC,207
*CC(*)OCC(CC)CCCC,207
*CC(*)C(=O)OCCCCCCCC,208
*CC(*)OCCCCCC,209
*CC(COC)O*,211
*CC(*)C(=O)OCCCCCCC,213
*OCCCCCC(*)=O,213
*CC(*)C(=O)OCCCCCCCCC,215
*CC(*)C(=O)OCCCCCC,216
*OCCCCCCCCCCOC(=O)CCCCC(*)=O,217
*CO*,218
*CC(*)(C)C(=O)OCCCCCCCCCCCC,218
*CC(*)C(=O)OCCCC,219
*CC(*)CCCC,220
*OCCC(C)CCC(*)=O,220
*CC(*)OCCCC,221
*CC=C(C*)C(C)C,221
*CC(*)CCCC,223
*CC(*)CCC,223
*CC=C(Cl)C*,225
*CC(C)S*,226
*CC(*)CC,228
*OCCOC(=O)CCCCCCCC(*)=O,228
*CC(*)C(=O)OC(C)CCCCCC,228
*CC(*)C(=O)OCCC,229
*CC(*)C,233
*CC(*)(F)F,233
*OCCOC(=O)CCCCC(*)=O,233
*CC(*)C(=O)OC(C)CCCCC,235
*CC(*)CCCC(C)C,239
*OC(C)CCCC(C)C(*)=O,240
*CC=C(Br)C*,241
*OCCOC(=O)CCCCCCCCC(*)=O,243
*CCC[Si](*)(C)c1ccccc1,243
*CC(*)C(=O)OCC(C)C,249
*CC(*)OCC(C)C,251
*CC(*)C(=O)OCC,251
*CC(*)(C)C(=O)OCCCCCCCC,253
*CC(*)OC(C)CC,253
*CC(*)C(=O)OC(C)CC,253
*CC(*)OCC,254
*c1nc(C(F)(F)F)nc(C(F)(OC(F)(F)C(F)(F)C(F)(F)C(F)(F)C(F)(F)C(F)(F)OC(*)(F)C(F)(F)F)C(F)(F)F)n1,255
*CC(*)(Cl)Cl,256
*CC(*)C(=O)OC(CC)CC,257
*CC(*)CCC(C)C,259
*c1nc(C(F)(F)C(F)(F)OC(F)(F)F)nc(C(F)(F)C(F)(F)C(F)(F)C(*)(F)F)n1,260
*CC(CCl)(CCl)CO*,265
*CCC[Si](*)(C)c1ccc(N(C)C)cc1,267
*CC(*)(C)C(=O)OCCCCCC,268
*CC(*)C=C,269
*CC(*)OC(C)C,270
*OCCOC(=O)CCC(*)=O,272
*CC(*)SC,272
*O[Si](O[Si](C)(C)c1ccc([Si](*)(C)C)cc1)(c1ccccc1)c1ccccc1,273
*CC(*)OC(=O)CCC,278
*CC(*)c1ccc(COCCCCCC)cc1,278
*CC(*)c1ccc(CCCC)cc1,279
*CC(*)C(=O)OC,281
*CC(*)OC(=O)CC,283
*CC(*)(C)C(=O)OCC(CC)CC,284
*CC(*)c1ccccc1OCCCCCCCC,286
*CC=C(C*)C(C)(C)C,293
*CC(*)(C)C(=O)OCCCC,293
*CC(*)(C)C(=O)OCCOC,293
*CC(*)c1ccc(COCCC)cc1,295
*Cc1ccc(C*)c(CC)c1,298
*CC(*)C(F)(F)F,300
*CC(*)OC(C)=O,301
*CC(*)CC(C)C,302
*CC(*)OC=O,304
*CC(*)OC(=O)CCl,304
*CC(*)(C)C(=O)OCC(C)(C)C,306
*CC(*)(C)C(=O)OCCC,308
*NCCCCCCCCCCCC(*)=O,310
*CCC[Si](*)(c1ccc(C)cc1)c1ccc(C)cc1,311
*NCCCCCCNC(=O)CCCCCCCCC(*)=O,313
*CC(*)CCC1CCCCC1,313
*CC(*)C(F)(F)C(F)(F)F,314
*NCCCCCCCCCCC(*)=O,315
*CC(*)C(=O)OC(C)(C)C,315
*CC(COc1ccccc1)O*,315
*CC(*)(F)C(F)(F)F,315
*NCCCCCCCCCC(*)=O,316
*Oc1cccc(*)c1,318
*CC(*)(C)C(=O)OCCC(C)(C)C,318
*NCCCCCCCCCCNC(=O)CCCCCCCCC(*)=O,319
*CC(*)C(=O)NCCCC,319
*CC(*)OC(=O)C(F)(F)F,319
*CC(*)c1ccc(OCCCC)cc1,320
*CC(*)(C)C(=O)OCC(C)C,321
*CC(*)C(C)C,323
*NCCCCCCCCC(*)=O,324
*NCCCCCCCC(*)=O,324
*CC1CC(*)OC(CCC)O1,324
*OCCOC(=O)c1cccc(C(*)=O)c1,324
*CC(*)(C)C(=O)OCC,324
*CCC[Si](*)(c1ccccc1)c1ccc(N(C)C)cc1,325
*CC(*)(C)C(=O)OC(C)C,327
*Cc1ccc(C*)c(C)c1,328
*CC(*)C(=O)C(C)C,329
*CC(*)(Cl)C(=O)OCCCC,330
*NCCCCCCC(*)=O,330
*CC(*)(C)C(=O)OC(C)CC,330
*NCCCCCCNC(=O)CCCCC(*)=O,330
*CC(*)c1ccc(OCCC(C)C)cc1,330
*CC(*)C(F)(F)C(F)(F)C(F)(F)F,331
*O[Si](c1ccccc1)(c1ccccc1)c1cccc(*)c1,331
*Cc1ccc(C*)cc1,333
*CC(*)CC1CCCC1,333
*CC(*)Cc1ccccc1,333
*NCCCCCC(*)=O,335
*OCCOC(=O)c1ccc(C(*)=O)c2ccccc12,337
*CC(*)c1ccc(OCCC)cc1,343
*CC(*)(Cl)C(=O)OCCC,344
*OCCOC(=O)c1cccc2c(C(*)=O)cccc12,344
*OCCOC(=O)c1ccc(C(*)=O)cc1,345
*CC(*)(Cl)C(=O)OC(C)CC,347
*CC(*)Cl,348
*CC(*)CC1CCCCC1,348
*CC(*)C1CCCC1,348
*CC(*)(C)C(=O)OCC(C)O,349
*CC(*)c1ccc(COC)cc1,350
*Cc1ccc(C*)c(Cl)c1,353
*Cc1ccc(C*)c(Br)c1,353
*CCOC(=O)c1ccc(O*)cc1,355
*CC(*)O,358
*Oc1ccc(*)cc1,358
*CC(*)c1ccc(C(C)CC)cc1,359
*CC(*)c1ccc(OCC)cc1,359
*CC(*)(C)C(=O)OCCO,359
*Sc1ccc(*)cc1,360
*CC(*)c1ccc(C(C)C)cc1,360
*CC(*)c1cc(C(C)(C)C)ccc1C,360
*CC(*)c1ccc(OC)cc1,362
*CC(*)(Cl)C(=O)OC(C)C,363
*CC(*)c1ccc(OC)cc1C,363
*CC(*)C1CCCCC1,363
*Cc1ccc(C*)c(C#N)c1,363
*c1ccc(C(F)(F)C(*)(F)F)cc1,363
*NCc1cccc(CNC(=O)CCCCC(*)=O)c1,363
*CC(*)c1cccc(Cl)c1,363
*CC(*)(C)C(=O)OCCCl,365
*CC(*)(Cl)C(=O)OCC,366
*[Si](*)(C)C1CCCCC1,366
*OCC1CCC(COC(=O)c2ccc(C(*)=O)cc2)CC1,368
*CC(*)c1cccc(C)c1,370
*Cc1cc(C)c(C*)cc1C,373
*C(F)(F)C(*)(F)Cl,373
*CC(*)c1ccccc1,373
*CC(*)c1ccc(C)cc1,374
*CC(*)c1cc(F)ccc1F,374
*CC(*)c1ccccc1CC,376
*CC(*)c1cc(C)cc(C)c1,377
*CC(*)(C)C(=O)OC1CCCCC1,377
*CC(*)c1ccccn1,377
*CC(*)(C)C(=O)OC,378
*CC(*)C#N,378
*CC1CC(*)OCO1,378
*CC(*)c1ccccc1F,378
*CC(*)c1c(F)c(F)c(F)c(F)c1F,378
*CC(*)C(=O)O,379
*CC(*)c1ccc(F)cc1,379
*CC(*)(C)C(=O)OC(C)(C)C,380
*CC(*)c1ccc(C)c(C)c1,384
*CC(*)c1cc(C)ccc1F,384
*CC(*)c1ccc(Cl)cc1Cl,385
*CC(*)c1ccc(C(=O)OC)cc1,386
*CC(*)c1ccc(Cl)c(C)c1,387
*CC(*)(Cl)C(=O)OC1CCCCC1,387
*NCc1ccc(CNC(=O)CCCCCCCCC(*)=O)cc1,388
*Oc1ccc(Sc2ccc(OC(*)=O)cc2)cc1,388
*CC(*)c1ccc(Cl)cc1,389
*C(F)(F)C1(F)C(F)(F)C(*)(F)C(F)(F)C1(F)F,390
*[Si](*)(C)c1ccccc1,390
*CC(*)c1ccccc1Cl,392
*Oc1ccc(C(C)(CC)c2ccc(OC(*)=O)cc2C)c(C)c1,392
*CC(*)c1cc(Cl)ccc1Cl,393
*CC(*)(C)C(=O)Oc1ccccc1,393
*CC(*)(C)C#N,393
*CC(*)(C)c1ccc(C)cc1,394
*CC(*)c1ccc(Cl)c(F)c1,395
*Oc1ccc(C(CCC)c2ccc(OC(*)=O)cc2)cc1,396
*OCCOC(=O)c1ccc2cc(C(*)=O)ccc2c1,397
*CC(*)c1cccc(CO)c1,398
*CC(*)c1ccc(Cl)c(Cl)c1,401
*Oc1ccc(Oc2ccc(Oc3ccc4c(c3)C(=O)N(CCCCCCN3C(=O)c5ccc(*)cc5C3=O)C4=O)cc2)cc1,410
*CC(*)c1ccc(C(C)(C)C)cc1,402
*NCCCCCCNC(=O)c1cccc(C(*)=O)c1,403
*Oc1ccc(C(C)c2ccc(OC(*)=O)cc2)cc1,403
*CC(*)c1ccc(C)cc1C,406
*Oc1ccc(C(C)(CC)c2ccc(OC(*)=O)cc2)cc1,407
*CC(*)c1ccccc1C,409
*CC(*)(C)c1ccccc1,409
*Oc1ccc(C(C)(CCC)c2ccc(OC(*)=O)cc2)cc1,410
*Oc1cccc(OC(=O)c2cccc(C(*)=O)c2)c1,411
*CC(*)c1ccc(-c2ccccc2)cc1,411
*Oc1ccc(C(C)(C)c2ccc(OC(*)=O)cc2)cc1Cl,411
*CC(*)c1ccc(CO)cc1,413
*CC(*)c1ccncc1,415
*OC(=O)Oc1ccc(C(C)(CC)c2ccc(*)cc2Cl)c(Cl)c1,415
*CC(*)c1cc(C)ccc1C,416
*CC(*)c1ccc(Br)cc1,417
*CC(*)c1ccc(Cl)cc1C,418
*CC(*)N1CCCC1=O,418
*Oc1c(Cl)cc(C(C)(C)c2ccc(OC(*)=O)cc2)cc1Cl,419
*OC(=O)Oc1ccc(C(C)(C)c2ccc(*)cc2Cl)c(Cl)c1,419
*Oc1ccc(Oc2ccc(C(=O)c3ccc(*)cc3)cc2)cc1,419
*Oc1ccc(Cc2ccc(OC(*)=O)cc2)cc1,420
*Oc1ccc(C(*)=O)cc1,420
*Oc1ccc(C(CCC)(CCC)c2ccc(OC(*)=O)cc2)cc1,421
*Oc1ccc(C(c2ccc(OC(*)=O)cc2)C(C)C)cc1,422
*Oc1ccc(C(C)(C)c2ccc(OC(*)=O)cc2)cc1,423
*CC(*)n1c2ccccc2c2ccccc21,423
*CC(*)c1ccc2ccccc2c1,424
*C(F)(F)C(*)(F)C(F)(F)F,425
*OC(=O)Oc1ccc(C(=C(Cl)Cl)c2ccc(*)cc2)cc1,430
*CC(*)c1cccc2ccccc12,432
*CC(*)c1ccccc1CO,433
*CC(*)(C#N)C(=O)OC,433
*Oc1ccc(C2(c3ccc(OC(*)=O)cc3)CCCC2)cc1,440
*Oc1ccc(C(C)(C)c2ccc(OC(=O)c3ccc(C(*)=O)cc3)c(C)c2)cc1C,444
*Oc1ccc(C2(c3ccc(OC(*)=O)cc3)CCCCC2)cc1,444
*Oc1ccc(C(c2ccc(OC(*)=O)cc2)(C(F)(F)F)C(F)(F)F)cc1,449
*Oc1ccc(C(C)(c2ccccc2)c2ccc(OC(*)=O)cc2)cc1,449
*Oc1ccc(C(c2ccc(OC(*)=O)cc2)(C(F)(F)Cl)C(F)(F)Cl)cc1,457
*Oc1ccc(C(C)(C)c2ccc(Oc3ccc(S(=O)(=O)c4ccc(*)cc4)cc3)cc2)cc1,458
*CCC(C)CCC(=O)O*,459
*C(F)(F)C(*)(F)c1c(F)c(F)c(F)c(F)c1F,467
*Oc1cc(C)c(C(C)(C)c2c(C)cc(OC(*)=O)cc2C)c(C)c1,473
*c1cccc(C(=O)c2cccc(N3C(=O)c4ccc(Oc5ccc(Sc6ccc(Oc7ccc8c(c7)C(=O)N(*)C8=O)cc6)cc5)cc4C3=O)c2)c1,473
*C(F)(F)C(*)(F)c1ccccc1,475
*Oc1ccc(C(C)(C)c2ccc(OC(=O)c3ccc(C(*)=O)cc3)cc2)cc1,478
*Oc1c(C)cc(*)cc1C,482
*c1cccc(N2C(=O)c3ccc(Oc4ccc(Sc5ccc(Oc6ccc7c(c6)C(=O)N(*)C7=O)cc5)cc4)cc3C2=O)c1,482
*c1ccc(C(=O)c2ccccc2N2C(=O)c3ccc(Oc4ccc(Sc5ccc(Oc6ccc7c(c6)C(=O)N(*)C7=O)cc5)cc4)cc3C2=O)cc1,485
*c1ccc(C(=O)c2cccc(N3C(=O)c4ccc(Oc5ccc(Sc6ccc(Oc7ccc8c(c7)C(=O)N(*)C8=O)cc6)cc5)cc4C3=O)c2)cc1,486
*Oc1c(-c2ccccc2)cc(*)cc1-c1ccccc1,493
*Oc1ccc(-c2ccc(Oc3ccc(S(=O)(=O)c4ccc(*)cc4)cc3)cc2)cc1,493
*Oc1ccc(S(=O)(=O)c2ccc(Oc3ccc(S(=O)(=O)c4ccc(*)cc4)cc3)cc2)cc1,493
*c1cccc(N2C(=O)c3ccc(Oc4ccc(C(C)(C)c5ccc(Oc6ccc7c(c6)C(=O)N(*)C7=O)cc5)cc4)cc3C2=O)c1,493
*c1ccc(C(=O)c2ccc(N3C(=O)c4ccc(Oc5ccc(Sc6ccc(Oc7ccc8c(c7)C(=O)N(*)C8=O)cc6)cc5)cc4C3=O)cc2)cc1,494
*Oc1cccc(Oc2cccc(-n3c(=O)c4cc5c(=O)n(-c6cccc(*)c6)c(=O)c5cc4c3=O)c2)c1,494
*Oc1c(C)cc(C(C)(C)c2cc(C)c(OC(=O)c3ccc(C(*)=O)cc3)c(C)c2)cc1C,498
*c1cccc(N2C(=O)c3ccc(Oc4ccc(Oc5ccc(Oc6ccc7c(c6)C(=O)N(*)C7=O)cc5)cc4)cc3C2=O)c1,500
*Oc1c(Cl)cc(C(C)(C)c2cc(Cl)c(OC(*)=O)c(Cl)c2)cc1Cl,503
*Oc1ccc(C2(c3ccc(OC(*)=O)cc3)CC3CCC2C3)cc1,505
*Oc1ccc(C(=O)c2ccc(Oc3ccc4c(c3)C(=O)N(c3cccc(N5C(=O)c6ccc(*)cc6C5=O)c3)C4=O)cc2)cc1,512
*c1cccc(C(=O)c2cccc(N3C(=O)c4ccc(C(=O)c5ccc6c(c5)C(=O)N(*)C6=O)cc4C3=O)c2)c1,513
*Oc1ccc(C2(c3ccc(OC(*)=O)cc3)CC3CC2C2CCCC32)cc1,520
*c1cccc(N2C(=O)c3ccc(Oc4ccc(-c5ccc(Oc6ccc7c(c6)C(=O)N(*)C7=O)cc5)cc4)cc3C2=O)c1,520
*Oc1c(Br)cc(C(C)(C)c2cc(Br)c(OC(*)=O)c(Br)c2)cc1Br,523
*c1cccc(C(=O)c2cccc(N3C(=O)c4ccc(C(c5ccc6c(c5)C(=O)N(*)C6=O)(C(F)(F)F)C(F)(F)F)cc4C3=O)c2)c1,533
*c1ccc(Oc2ccc(-c3cc(-c4ccccc4)c4cc(Oc5ccc6nc(*)cc(-c7ccccc7)c6c5)ccc4n3)cc2)cc1,539
*c1cccc(-c2cc(-c3ccc(Oc4ccc(-c5cc(*)nc6ccccc56)cc4)cc3)c3ccccc3n2)c1,541
*c1cccc(-c2nc3ccccc3c(-c3ccc(Oc4ccc(-c5c(-c6ccccc6)c(*)nc6ccccc56)cc4)cc3)c2-c2ccccc2)c1,546
*Oc1ccc(-c2ccccc2Cc2ccccc2-c2ccc(OC(*)=O)cc2)cc1,548
*c1ccc(C(=O)c2cccc(N3C(=O)c4ccc(C(c5ccc6c(c5)C(=O)N(*)C6=O)(C(F)(F)F)C(F)(F)F)cc4C3=O)c2)cc1,561
*c1ccc(C(=O)c2ccccc2N2C(=O)c3ccc(C(c4ccc5c(c4)C(=O)N(*)C5=O)(C(F)(F)F)C(F)(F)F)cc3C2=O)cc1,562
*c1ccc(-c2cc(-c3ccccc3)c3cc(Oc4ccc5nc(*)cc(-c6ccccc6)c5c4)ccc3n2)cc1,573
*c1ccc(-c2ccc(-c3ccc(-c4cnc5ccc(-c6ccc7ncc(*)nc7c6)cc5n4)cc3)cc2)cc1,578
*c1ccc(-c2cnc3ccc(-c4ccc5ncc(*)nc5c4)cc3n2)cc1,578
*Oc1ccc(-c2ccc(OC(=O)c3ccc(C4(c5ccc(C(*)=O)cc5)OC(=O)c5ccccc54)cc3)cc2)cc1,580
*c1ccc(-c2ccc(-c3cc(-c4ccccc4)c4cc(Oc5ccc6nc(*)cc(-c7ccccc7)c6c5)ccc4n3)cc2)cc1,581
*Oc1ccc(C2(c3ccc(OC(=O)c4ccc(C5(c6ccc(C(*)=O)cc6)OC(=O)c6ccccc65)cc4)cc3)OC(=O)c3ccccc32)cc1,583
*c1ccc(C(=O)c2ccc(N3C(=O)c4ccc(C(c5ccc6c(c5)C(=O)N(*)C6=O)(C(F)(F)F)C(F)(F)F)cc4C3=O)cc2)cc1,584
*c1ccc(-c2cnc3ccc(C(=O)c4ccc5ncc(*)nc5c4)cc3n2)cc1,591
*Nc1ccc(Oc2ccc(NC(=O)c3ccc(C4(c5ccc(C(*)=O)cc5)OC(=O)c5ccccc54)cc3)cc2)cc1,593
*c1ccc(Oc2ccc(-c3cc(-c4ccc(Oc5ccc(-c6cc(*)nc7ccccc67)cc5)cc4)c4ccccc4n3)cc2)cc1,599
*Nc1ccc(NC(=O)c2ccc(C(*)=O)cc2)cc1,600
*c1ccc(N2C(=O)c3ccc(C(=O)c4ccc5c(c4)C(=O)N(*)C5=O)cc3C2=O)cc1,606
*c1ccc(-c2cnc3ccc(Oc4ccc5ncc(*)nc5c4)cc3n2)cc1,615
*c1ccc(N2C(=O)c3ccc(Oc4ccc5c(c4)C(=O)N(*)C5=O)cc3C2=O)cc1,615
*c1ccc(-c2nc3ccc(Oc4ccc5nc(*)c(-c6ccccc6)c(-c6ccccc6)c5c4)cc3c(-c3ccccc3)c2-c2ccccc2)cc1,618
*c1ccc(Oc2ccc(-c3nc4ccccc4c(-c4ccc(Oc5ccc(-c6c(-c7ccccc7)c(*)nc7ccccc67)cc5)cc4)c3-c3ccccc3)cc2)cc1,618
*c1ccc(-c2ccc(-c3nc4ccc(Oc5ccc6nc(*)c(-c7ccccc7)c(-c7ccccc7)c6c5)cc4c(-c4ccccc4)c3-c3ccccc3)cc2)cc1,624
*c1ccc(-c2cnc3ccc(-c4ccc5ncc(*)nc5c4)cc3n2)cc1,645
*Nc1ccc(C2(c3ccc(NC(=O)c4ccc(C5(c6ccc(C(*)=O)cc6)OC(=O)c6ccccc65)cc4)cc3)OC(=O)c3ccccc32)cc1,658
*Oc1ccc(-n2c(=O)c3cc4c(=O)n(-c5ccc(*)cc5)c(=O)c4cc3c2=O)cc1,672
*C(=O)Nc1ccc(C2(c3ccc(NC(=O)c4ccc(C5(c6ccc(*)cc6)OC(=O)c6ccccc65)cc4)cc3)NC(=O)c3ccccc32)cc1,673
*C(=O)c1ccc(-n2c(=O)c3cc4c(=O)n(-c5ccc(*)cc5)c(=O)c4cc3c2=O)cc1,685